timestamp,agent_index,action,score,is_win,is_lose,game_over,map_matrix
2026-05-25T12:58:10.644364,0,East,0.0,False,False,False,"[[0, 0, 0, 0, 0, 0, 0, 0, 0, 0, 0], [0, 2, 2, 2, 2, 2, 2, 2, 2, 3, 0], [0, 2, 0, 0, 0, 2, 0, 0, 0, 2, 0], [0, 2, 0, 2, 2, 2, 2, 2, 0, 2, 0], [0, 2, 2, 2, 0, 2, 0, 2, 2, 2, 0], [0, 0, 0, 2, 0, 2, 0, 2, 1, 1, 0], [0, 2, 2, 2, 2, 2, 2, 2, 2, 2, 0], [0, 2, 0, 2, 0, 0, 0, 2, 0, 2, 0], [0, 2, 0, 2, 0, 4, 0, 2, 0, 2, 0], [0, 5, 2, 2, 0, 1, 1, 2, 2, 2, 0], [0, 2, 2, 2, 0, 1, 1, 2, 2, 2, 0], [0, 2, 0, 2, 0, 4, 0, 2, 0, 2, 0], [0, 2, 0, 2, 0, 0, 0, 2, 0, 2, 0], [0, 2, 2, 2, 2, 2, 2, 2, 2, 2, 0], [0, 0, 0, 2, 0, 2, 0, 2, 1, 1, 0], [0, 2, 2, 2, 0, 2, 0, 2, 2, 2, 0], [0, 2, 0, 2, 2, 2, 2, 2, 0, 2, 0], [0, 2, 0, 0, 0, 2, 0, 0, 0, 2, 0], [0, 3, 2, 2, 2, 2, 2, 2, 2, 2, 0], [0, 0, 0, 0, 0, 0, 0, 0, 0, 0, 0]]"
2026-05-25T12:58:10.784099,0,East,9.0,False,False,False,"[[0, 0, 0, 0, 0, 0, 0, 0, 0, 0, 0], [0, 2, 2, 2, 2, 2, 2, 2, 2, 3, 0], [0, 2, 0, 0, 0, 2, 0, 0, 0, 2, 0], [0, 2, 0, 2, 2, 2, 2, 2, 0, 2, 0], [0, 2, 2, 2, 0, 2, 0, 2, 2, 2, 0], [0, 0, 0, 2, 0, 2, 0, 2, 1, 1, 0], [0, 2, 2, 2, 2, 2, 2, 2, 2, 2, 0], [0, 2, 0, 2, 0, 0, 0, 2, 0, 2, 0], [0, 2, 0, 2, 0, 1, 0, 2, 0, 2, 0], [0, 1, 2, 2, 0, 4, 1, 2, 2, 2, 0], [0, 5, 2, 2, 0, 4, 1, 2, 2, 2, 0], [0, 2, 0, 2, 0, 1, 0, 2, 0, 2, 0], [0, 2, 0, 2, 0, 0, 0, 2, 0, 2, 0], [0, 2, 2, 2, 2, 2, 2, 2, 2, 2, 0], [0, 0, 0, 2, 0, 2, 0, 2, 1, 1, 0], [0, 2, 2, 2, 0, 2, 0, 2, 2, 2, 0], [0, 2, 0, 2, 2, 2, 2, 2, 0, 2, 0], [0, 2, 0, 0, 0, 2, 0, 0, 0, 2, 0], [0, 3, 2, 2, 2, 2, 2, 2, 2, 2, 0], [0, 0, 0, 0, 0, 0, 0, 0, 0, 0, 0]]"
2026-05-25T12:58:10.946236,0,East,18.0,False,False,False,"[[0, 0, 0, 0, 0, 0, 0, 0, 0, 0, 0], [0, 2, 2, 2, 2, 2, 2, 2, 2, 3, 0], [0, 2, 0, 0, 0, 2, 0, 0, 0, 2, 0], [0, 2, 0, 2, 2, 2, 2, 2, 0, 2, 0], [0, 2, 2, 2, 0, 2, 0, 2, 2, 2, 0], [0, 0, 0, 2, 0, 2, 0, 2, 1, 1, 0], [0, 2, 2, 2, 2, 2, 2, 2, 2, 2, 0], [0, 2, 0, 2, 0, 0, 0, 2, 0, 2, 0], [0, 2, 0, 2, 0, 1, 0, 2, 0, 2, 0], [0, 1, 2, 2, 0, 1, 1, 2, 2, 2, 0], [0, 1, 2, 2, 0, 4, 4, 2, 2, 2, 0], [0, 5, 0, 2, 0, 1, 0, 2, 0, 2, 0], [0, 2, 0, 2, 0, 0, 0, 2, 0, 2, 0], [0, 2, 2, 2, 2, 2, 2, 2, 2, 2, 0], [0, 0, 0, 2, 0, 2, 0, 2, 1, 1, 0], [0, 2, 2, 2, 0, 2, 0, 2, 2, 2, 0], [0, 2, 0, 2, 2, 2, 2, 2, 0, 2, 0], [0, 2, 0, 0, 0, 2, 0, 0, 0, 2, 0], [0, 3, 2, 2, 2, 2, 2, 2, 2, 2, 0], [0, 0, 0, 0, 0, 0, 0, 0, 0, 0, 0]]"
2026-05-25T12:58:11.146435,0,East,27.0,False,False,False,"[[0, 0, 0, 0, 0, 0, 0, 0, 0, 0, 0], [0, 2, 2, 2, 2, 2, 2, 2, 2, 3, 0], [0, 2, 0, 0, 0, 2, 0, 0, 0, 2, 0], [0, 2, 0, 2, 2, 2, 2, 2, 0, 2, 0], [0, 2, 2, 2, 0, 2, 0, 2, 2, 2, 0], [0, 0, 0, 2, 0, 2, 0, 2, 1, 1, 0], [0, 2, 2, 2, 2, 2, 2, 2, 2, 2, 0], [0, 2, 0, 2, 0, 0, 0, 2, 0, 2, 0], [0, 2, 0, 2, 0, 1, 0, 2, 0, 2, 0], [0, 1, 2, 2, 0, 1, 4, 2, 2, 2, 0], [0, 1, 2, 2, 0, 1, 1, 2, 2, 2, 0], [0, 1, 0, 2, 0, 4, 0, 2, 0, 2, 0], [0, 5, 0, 2, 0, 0, 0, 2, 0, 2, 0], [0, 2, 2, 2, 2, 2, 2, 2, 2, 2, 0], [0, 0, 0, 2, 0, 2, 0, 2, 1, 1, 0], [0, 2, 2, 2, 0, 2, 0, 2, 2, 2, 0], [0, 2, 0, 2, 2, 2, 2, 2, 0, 2, 0], [0, 2, 0, 0, 0, 2, 0, 0, 0, 2, 0], [0, 3, 2, 2, 2, 2, 2, 2, 2, 2, 0], [0, 0, 0, 0, 0, 0, 0, 0, 0, 0, 0]]"
2026-05-25T12:58:11.329140,0,North,36.0,False,False,False,"[[0, 0, 0, 0, 0, 0, 0, 0, 0, 0, 0], [0, 2, 2, 2, 2, 2, 2, 2, 2, 3, 0], [0, 2, 0, 0, 0, 2, 0, 0, 0, 2, 0], [0, 2, 0, 2, 2, 2, 2, 2, 0, 2, 0], [0, 2, 2, 2, 0, 2, 0, 2, 2, 2, 0], [0, 0, 0, 2, 0, 2, 0, 2, 1, 1, 0], [0, 2, 2, 2, 2, 2, 2, 2, 2, 2, 0], [0, 2, 0, 2, 0, 0, 0, 2, 0, 2, 0], [0, 2, 0, 2, 0, 1, 0, 2, 0, 2, 0], [0, 1, 2, 2, 0, 4, 1, 2, 2, 2, 0], [0, 1, 2, 2, 0, 4, 1, 2, 2, 2, 0], [0, 1, 0, 2, 0, 1, 0, 2, 0, 2, 0], [0, 1, 0, 2, 0, 0, 0, 2, 0, 2, 0], [0, 5, 2, 2, 2, 2, 2, 2, 2, 2, 0], [0, 0, 0, 2, 0, 2, 0, 2, 1, 1, 0], [0, 2, 2, 2, 0, 2, 0, 2, 2, 2, 0], [0, 2, 0, 2, 2, 2, 2, 2, 0, 2, 0], [0, 2, 0, 0, 0, 2, 0, 0, 0, 2, 0], [0, 3, 2, 2, 2, 2, 2, 2, 2, 2, 0], [0, 0, 0, 0, 0, 0, 0, 0, 0, 0, 0]]"
2026-05-25T12:58:11.512716,0,North,45.0,False,False,False,"[[0, 0, 0, 0, 0, 0, 0, 0, 0, 0, 0], [0, 2, 2, 2, 2, 2, 2, 2, 2, 3, 0], [0, 2, 0, 0, 0, 2, 0, 0, 0, 2, 0], [0, 2, 0, 2, 2, 2, 2, 2, 0, 2, 0], [0, 2, 2, 2, 0, 2, 0, 2, 2, 2, 0], [0, 0, 0, 2, 0, 2, 0, 2, 1, 1, 0], [0, 2, 2, 2, 2, 2, 2, 2, 2, 2, 0], [0, 2, 0, 2, 0, 0, 0, 2, 0, 2, 0], [0, 2, 0, 2, 0, 1, 0, 2, 0, 2, 0], [0, 1, 2, 2, 0, 4, 1, 2, 2, 2, 0], [0, 1, 2, 2, 0, 4, 1, 2, 2, 2, 0], [0, 1, 0, 2, 0, 1, 0, 2, 0, 2, 0], [0, 1, 0, 2, 0, 0, 0, 2, 0, 2, 0], [0, 1, 5, 2, 2, 2, 2, 2, 2, 2, 0], [0, 0, 0, 2, 0, 2, 0, 2, 1, 1, 0], [0, 2, 2, 2, 0, 2, 0, 2, 2, 2, 0], [0, 2, 0, 2, 2, 2, 2, 2, 0, 2, 0], [0, 2, 0, 0, 0, 2, 0, 0, 0, 2, 0], [0, 3, 2, 2, 2, 2, 2, 2, 2, 2, 0], [0, 0, 0, 0, 0, 0, 0, 0, 0, 0, 0]]"
2026-05-25T12:58:11.696551,0,East,54.0,False,False,False,"[[0, 0, 0, 0, 0, 0, 0, 0, 0, 0, 0], [0, 2, 2, 2, 2, 2, 2, 2, 2, 3, 0], [0, 2, 0, 0, 0, 2, 0, 0, 0, 2, 0], [0, 2, 0, 2, 2, 2, 2, 2, 0, 2, 0], [0, 2, 2, 2, 0, 2, 0, 2, 2, 2, 0], [0, 0, 0, 2, 0, 2, 0, 2, 1, 1, 0], [0, 2, 2, 2, 2, 2, 2, 2, 2, 2, 0], [0, 2, 0, 2, 0, 0, 0, 2, 0, 2, 0], [0, 2, 0, 2, 0, 4, 0, 2, 0, 2, 0], [0, 1, 2, 2, 0, 1, 1, 2, 2, 2, 0], [0, 1, 2, 2, 0, 1, 1, 2, 2, 2, 0], [0, 1, 0, 2, 0, 4, 0, 2, 0, 2, 0], [0, 1, 0, 2, 0, 0, 0, 2, 0, 2, 0], [0, 1, 1, 5, 2, 2, 2, 2, 2, 2, 0], [0, 0, 0, 2, 0, 2, 0, 2, 1, 1, 0], [0, 2, 2, 2, 0, 2, 0, 2, 2, 2, 0], [0, 2, 0, 2, 2, 2, 2, 2, 0, 2, 0], [0, 2, 0, 0, 0, 2, 0, 0, 0, 2, 0], [0, 3, 2, 2, 2, 2, 2, 2, 2, 2, 0], [0, 0, 0, 0, 0, 0, 0, 0, 0, 0, 0]]"
2026-05-25T12:58:11.879096,0,East,63.0,False,False,False,"[[0, 0, 0, 0, 0, 0, 0, 0, 0, 0, 0], [0, 2, 2, 2, 2, 2, 2, 2, 2, 3, 0], [0, 2, 0, 0, 0, 2, 0, 0, 0, 2, 0], [0, 2, 0, 2, 2, 2, 2, 2, 0, 2, 0], [0, 2, 2, 2, 0, 2, 0, 2, 2, 2, 0], [0, 0, 0, 2, 0, 2, 0, 2, 1, 1, 0], [0, 2, 2, 2, 2, 2, 2, 2, 2, 2, 0], [0, 2, 0, 2, 0, 0, 0, 2, 0, 2, 0], [0, 2, 0, 2, 0, 1, 0, 2, 0, 2, 0], [0, 1, 2, 2, 0, 4, 1, 2, 2, 2, 0], [0, 1, 2, 2, 0, 4, 1, 2, 2, 2, 0], [0, 1, 0, 2, 0, 1, 0, 2, 0, 2, 0], [0, 1, 0, 2, 0, 0, 0, 2, 0, 2, 0], [0, 1, 1, 1, 2, 2, 2, 2, 2, 2, 0], [0, 0, 0, 5, 0, 2, 0, 2, 1, 1, 0], [0, 2, 2, 2, 0, 2, 0, 2, 2, 2, 0], [0, 2, 0, 2, 2, 2, 2, 2, 0, 2, 0], [0, 2, 0, 0, 0, 2, 0, 0, 0, 2, 0], [0, 3, 2, 2, 2, 2, 2, 2, 2, 2, 0], [0, 0, 0, 0, 0, 0, 0, 0, 0, 0, 0]]"
2026-05-25T12:58:12.079828,0,South,72.0,False,False,False,"[[0, 0, 0, 0, 0, 0, 0, 0, 0, 0, 0], [0, 2, 2, 2, 2, 2, 2, 2, 2, 3, 0], [0, 2, 0, 0, 0, 2, 0, 0, 0, 2, 0], [0, 2, 0, 2, 2, 2, 2, 2, 0, 2, 0], [0, 2, 2, 2, 0, 2, 0, 2, 2, 2, 0], [0, 0, 0, 2, 0, 2, 0, 2, 1, 1, 0], [0, 2, 2, 2, 2, 2, 2, 2, 2, 2, 0], [0, 2, 0, 2, 0, 0, 0, 2, 0, 2, 0], [0, 2, 0, 2, 0, 1, 0, 2, 0, 2, 0], [0, 1, 2, 2, 0, 1, 1, 2, 2, 2, 0], [0, 1, 2, 2, 0, 4, 4, 2, 2, 2, 0], [0, 1, 0, 2, 0, 1, 0, 2, 0, 2, 0], [0, 1, 0, 2, 0, 0, 0, 2, 0, 2, 0], [0, 1, 1, 1, 2, 2, 2, 2, 2, 2, 0], [0, 0, 0, 1, 0, 2, 0, 2, 1, 1, 0], [0, 2, 2, 5, 0, 2, 0, 2, 2, 2, 0], [0, 2, 0, 2, 2, 2, 2, 2, 0, 2, 0], [0, 2, 0, 0, 0, 2, 0, 0, 0, 2, 0], [0, 3, 2, 2, 2, 2, 2, 2, 2, 2, 0], [0, 0, 0, 0, 0, 0, 0, 0, 0, 0, 0]]"
2026-05-25T12:58:12.262379,0,South,81.0,False,False,False,"[[0, 0, 0, 0, 0, 0, 0, 0, 0, 0, 0], [0, 2, 2, 2, 2, 2, 2, 2, 2, 3, 0], [0, 2, 0, 0, 0, 2, 0, 0, 0, 2, 0], [0, 2, 0, 2, 2, 2, 2, 2, 0, 2, 0], [0, 2, 2, 2, 0, 2, 0, 2, 2, 2, 0], [0, 0, 0, 2, 0, 2, 0, 2, 1, 1, 0], [0, 2, 2, 2, 2, 2, 2, 2, 2, 2, 0], [0, 2, 0, 2, 0, 0, 0, 2, 0, 2, 0], [0, 2, 0, 2, 0, 1, 0, 2, 0, 2, 0], [0, 1, 2, 2, 0, 1, 4, 2, 2, 2, 0], [0, 1, 2, 2, 0, 1, 1, 2, 2, 2, 0], [0, 1, 0, 2, 0, 4, 0, 2, 0, 2, 0], [0, 1, 0, 2, 0, 0, 0, 2, 0, 2, 0], [0, 1, 1, 1, 2, 2, 2, 2, 2, 2, 0], [0, 0, 0, 1, 0, 2, 0, 2, 1, 1, 0], [0, 2, 5, 1, 0, 2, 0, 2, 2, 2, 0], [0, 2, 0, 2, 2, 2, 2, 2, 0, 2, 0], [0, 2, 0, 0, 0, 2, 0, 0, 0, 2, 0], [0, 3, 2, 2, 2, 2, 2, 2, 2, 2, 0], [0, 0, 0, 0, 0, 0, 0, 0, 0, 0, 0]]"
2026-05-25T12:58:12.428997,0,East,90.0,False,False,False,"[[0, 0, 0, 0, 0, 0, 0, 0, 0, 0, 0], [0, 2, 2, 2, 2, 2, 2, 2, 2, 3, 0], [0, 2, 0, 0, 0, 2, 0, 0, 0, 2, 0], [0, 2, 0, 2, 2, 2, 2, 2, 0, 2, 0], [0, 2, 2, 2, 0, 2, 0, 2, 2, 2, 0], [0, 0, 0, 2, 0, 2, 0, 2, 1, 1, 0], [0, 2, 2, 2, 2, 2, 2, 2, 2, 2, 0], [0, 2, 0, 2, 0, 0, 0, 2, 0, 2, 0], [0, 2, 0, 2, 0, 1, 0, 2, 0, 2, 0], [0, 1, 2, 2, 0, 4, 1, 2, 2, 2, 0], [0, 1, 2, 2, 0, 4, 1, 2, 2, 2, 0], [0, 1, 0, 2, 0, 1, 0, 2, 0, 2, 0], [0, 1, 0, 2, 0, 0, 0, 2, 0, 2, 0], [0, 1, 1, 1, 2, 2, 2, 2, 2, 2, 0], [0, 0, 0, 1, 0, 2, 0, 2, 1, 1, 0], [0, 5, 1, 1, 0, 2, 0, 2, 2, 2, 0], [0, 2, 0, 2, 2, 2, 2, 2, 0, 2, 0], [0, 2, 0, 0, 0, 2, 0, 0, 0, 2, 0], [0, 3, 2, 2, 2, 2, 2, 2, 2, 2, 0], [0, 0, 0, 0, 0, 0, 0, 0, 0, 0, 0]]"
2026-05-25T12:58:12.595668,0,East,99.0,False,False,False,"[[0, 0, 0, 0, 0, 0, 0, 0, 0, 0, 0], [0, 2, 2, 2, 2, 2, 2, 2, 2, 3, 0], [0, 2, 0, 0, 0, 2, 0, 0, 0, 2, 0], [0, 2, 0, 2, 2, 2, 2, 2, 0, 2, 0], [0, 2, 2, 2, 0, 2, 0, 2, 2, 2, 0], [0, 0, 0, 2, 0, 2, 0, 2, 1, 1, 0], [0, 2, 2, 2, 2, 2, 2, 2, 2, 2, 0], [0, 2, 0, 2, 0, 0, 0, 2, 0, 2, 0], [0, 2, 0, 2, 0, 4, 0, 2, 0, 2, 0], [0, 1, 2, 2, 0, 1, 1, 2, 2, 2, 0], [0, 1, 2, 2, 0, 1, 4, 2, 2, 2, 0], [0, 1, 0, 2, 0, 1, 0, 2, 0, 2, 0], [0, 1, 0, 2, 0, 0, 0, 2, 0, 2, 0], [0, 1, 1, 1, 2, 2, 2, 2, 2, 2, 0], [0, 0, 0, 1, 0, 2, 0, 2, 1, 1, 0], [0, 1, 1, 1, 0, 2, 0, 2, 2, 2, 0], [0, 5, 0, 2, 2, 2, 2, 2, 0, 2, 0], [0, 2, 0, 0, 0, 2, 0, 0, 0, 2, 0], [0, 3, 2, 2, 2, 2, 2, 2, 2, 2, 0], [0, 0, 0, 0, 0, 0, 0, 0, 0, 0, 0]]"
2026-05-25T12:58:12.777952,0,East,108.0,False,False,False,"[[0, 0, 0, 0, 0, 0, 0, 0, 0, 0, 0], [0, 2, 2, 2, 2, 2, 2, 2, 2, 3, 0], [0, 2, 0, 0, 0, 2, 0, 0, 0, 2, 0], [0, 2, 0, 2, 2, 2, 2, 2, 0, 2, 0], [0, 2, 2, 2, 0, 2, 0, 2, 2, 2, 0], [0, 0, 0, 2, 0, 2, 0, 2, 1, 1, 0], [0, 2, 2, 2, 2, 2, 2, 2, 2, 2, 0], [0, 2, 0, 2, 0, 0, 0, 2, 0, 2, 0], [0, 2, 0, 2, 0, 1, 0, 2, 0, 2, 0], [0, 1, 2, 2, 0, 4, 1, 2, 2, 2, 0], [0, 1, 2, 2, 0, 1, 1, 4, 2, 2, 0], [0, 1, 0, 2, 0, 1, 0, 2, 0, 2, 0], [0, 1, 0, 2, 0, 0, 0, 2, 0, 2, 0], [0, 1, 1, 1, 2, 2, 2, 2, 2, 2, 0], [0, 0, 0, 1, 0, 2, 0, 2, 1, 1, 0], [0, 1, 1, 1, 0, 2, 0, 2, 2, 2, 0], [0, 1, 0, 2, 2, 2, 2, 2, 0, 2, 0], [0, 5, 0, 0, 0, 2, 0, 0, 0, 2, 0], [0, 3, 2, 2, 2, 2, 2, 2, 2, 2, 0], [0, 0, 0, 0, 0, 0, 0, 0, 0, 0, 0]]"
2026-05-25T12:58:12.961611,0,North,107.0,False,False,False,"[[0, 0, 0, 0, 0, 0, 0, 0, 0, 0, 0], [0, 2, 2, 2, 2, 2, 2, 2, 2, 3, 0], [0, 2, 0, 0, 0, 2, 0, 0, 0, 2, 0], [0, 2, 0, 2, 2, 2, 2, 2, 0, 2, 0], [0, 2, 2, 2, 0, 2, 0, 2, 2, 2, 0], [0, 0, 0, 2, 0, 2, 0, 2, 1, 1, 0], [0, 2, 2, 2, 2, 2, 2, 2, 2, 2, 0], [0, 2, 0, 2, 0, 0, 0, 2, 0, 2, 0], [0, 2, 0, 2, 0, 1, 0, 2, 0, 2, 0], [0, 1, 2, 2, 0, 4, 1, 4, 2, 2, 0], [0, 1, 2, 2, 0, 1, 1, 2, 2, 2, 0], [0, 1, 0, 2, 0, 1, 0, 2, 0, 2, 0], [0, 1, 0, 2, 0, 0, 0, 2, 0, 2, 0], [0, 1, 1, 1, 2, 2, 2, 2, 2, 2, 0], [0, 0, 0, 1, 0, 2, 0, 2, 1, 1, 0], [0, 1, 1, 1, 0, 2, 0, 2, 2, 2, 0], [0, 1, 0, 2, 2, 2, 2, 2, 0, 2, 0], [0, 1, 0, 0, 0, 2, 0, 0, 0, 2, 0], [0, 5, 2, 2, 2, 2, 2, 2, 2, 2, 0], [0, 0, 0, 0, 0, 0, 0, 0, 0, 0, 0]]"
2026-05-25T12:58:13.146132,0,North,116.0,False,False,False,"[[0, 0, 0, 0, 0, 0, 0, 0, 0, 0, 0], [0, 2, 2, 2, 2, 2, 2, 2, 2, 3, 0], [0, 2, 0, 0, 0, 2, 0, 0, 0, 2, 0], [0, 2, 0, 2, 2, 2, 2, 2, 0, 2, 0], [0, 2, 2, 2, 0, 2, 0, 2, 2, 2, 0], [0, 0, 0, 2, 0, 2, 0, 2, 1, 1, 0], [0, 2, 2, 2, 2, 2, 2, 2, 2, 2, 0], [0, 2, 0, 2, 0, 0, 0, 2, 0, 2, 0], [0, 2, 0, 2, 0, 1, 0, 2, 0, 2, 0], [0, 1, 2, 2, 0, 1, 4, 4, 2, 2, 0], [0, 1, 2, 2, 0, 1, 1, 2, 2, 2, 0], [0, 1, 0, 2, 0, 1, 0, 2, 0, 2, 0], [0, 1, 0, 2, 0, 0, 0, 2, 0, 2, 0], [0, 1, 1, 1, 2, 2, 2, 2, 2, 2, 0], [0, 0, 0, 1, 0, 2, 0, 2, 1, 1, 0], [0, 1, 1, 1, 0, 2, 0, 2, 2, 2, 0], [0, 1, 0, 2, 2, 2, 2, 2, 0, 2, 0], [0, 1, 0, 0, 0, 2, 0, 0, 0, 2, 0], [0, 1, 5, 2, 2, 2, 2, 2, 2, 2, 0], [0, 0, 0, 0, 0, 0, 0, 0, 0, 0, 0]]"
2026-05-25T12:58:13.312670,0,North,125.0,False,False,False,"[[0, 0, 0, 0, 0, 0, 0, 0, 0, 0, 0], [0, 2, 2, 2, 2, 2, 2, 2, 2, 3, 0], [0, 2, 0, 0, 0, 2, 0, 0, 0, 2, 0], [0, 2, 0, 2, 2, 2, 2, 2, 0, 2, 0], [0, 2, 2, 2, 0, 2, 0, 2, 2, 2, 0], [0, 0, 0, 2, 0, 2, 0, 2, 1, 1, 0], [0, 2, 2, 2, 2, 2, 2, 2, 2, 2, 0], [0, 2, 0, 2, 0, 0, 0, 2, 0, 2, 0], [0, 2, 0, 2, 0, 1, 0, 4, 0, 2, 0], [0, 1, 2, 2, 0, 1, 4, 2, 2, 2, 0], [0, 1, 2, 2, 0, 1, 1, 2, 2, 2, 0], [0, 1, 0, 2, 0, 1, 0, 2, 0, 2, 0], [0, 1, 0, 2, 0, 0, 0, 2, 0, 2, 0], [0, 1, 1, 1, 2, 2, 2, 2, 2, 2, 0], [0, 0, 0, 1, 0, 2, 0, 2, 1, 1, 0], [0, 1, 1, 1, 0, 2, 0, 2, 2, 2, 0], [0, 1, 0, 2, 2, 2, 2, 2, 0, 2, 0], [0, 1, 0, 0, 0, 2, 0, 0, 0, 2, 0], [0, 1, 1, 5, 2, 2, 2, 2, 2, 2, 0], [0, 0, 0, 0, 0, 0, 0, 0, 0, 0, 0]]"
2026-05-25T12:58:13.479353,0,North,134.0,False,False,False,"[[0, 0, 0, 0, 0, 0, 0, 0, 0, 0, 0], [0, 2, 2, 2, 2, 2, 2, 2, 2, 3, 0], [0, 2, 0, 0, 0, 2, 0, 0, 0, 2, 0], [0, 2, 0, 2, 2, 2, 2, 2, 0, 2, 0], [0, 2, 2, 2, 0, 2, 0, 2, 2, 2, 0], [0, 0, 0, 2, 0, 2, 0, 2, 1, 1, 0], [0, 2, 2, 2, 2, 2, 2, 2, 2, 2, 0], [0, 2, 0, 2, 0, 0, 0, 2, 0, 2, 0], [0, 2, 0, 2, 0, 1, 0, 4, 0, 2, 0], [0, 1, 2, 2, 0, 1, 1, 4, 2, 2, 0], [0, 1, 2, 2, 0, 1, 1, 2, 2, 2, 0], [0, 1, 0, 2, 0, 1, 0, 2, 0, 2, 0], [0, 1, 0, 2, 0, 0, 0, 2, 0, 2, 0], [0, 1, 1, 1, 2, 2, 2, 2, 2, 2, 0], [0, 0, 0, 1, 0, 2, 0, 2, 1, 1, 0], [0, 1, 1, 1, 0, 2, 0, 2, 2, 2, 0], [0, 1, 0, 2, 2, 2, 2, 2, 0, 2, 0], [0, 1, 0, 0, 0, 2, 0, 0, 0, 2, 0], [0, 1, 1, 1, 5, 2, 2, 2, 2, 2, 0], [0, 0, 0, 0, 0, 0, 0, 0, 0, 0, 0]]"
2026-05-25T12:58:13.678947,0,West,143.0,False,False,False,"[[0, 0, 0, 0, 0, 0, 0, 0, 0, 0, 0], [0, 2, 2, 2, 2, 2, 2, 2, 2, 3, 0], [0, 2, 0, 0, 0, 2, 0, 0, 0, 2, 0], [0, 2, 0, 2, 2, 2, 2, 2, 0, 2, 0], [0, 2, 2, 2, 0, 2, 0, 2, 2, 2, 0], [0, 0, 0, 2, 0, 2, 0, 2, 1, 1, 0], [0, 2, 2, 2, 2, 2, 2, 2, 2, 2, 0], [0, 2, 0, 2, 0, 0, 0, 4, 0, 2, 0], [0, 2, 0, 2, 0, 1, 0, 2, 0, 2, 0], [0, 1, 2, 2, 0, 1, 1, 4, 2, 2, 0], [0, 1, 2, 2, 0, 1, 1, 2, 2, 2, 0], [0, 1, 0, 2, 0, 1, 0, 2, 0, 2, 0], [0, 1, 0, 2, 0, 0, 0, 2, 0, 2, 0], [0, 1, 1, 1, 2, 2, 2, 2, 2, 2, 0], [0, 0, 0, 1, 0, 2, 0, 2, 1, 1, 0], [0, 1, 1, 1, 0, 2, 0, 2, 2, 2, 0], [0, 1, 0, 2, 2, 2, 2, 2, 0, 2, 0], [0, 1, 0, 0, 0, 2, 0, 0, 0, 2, 0], [0, 1, 1, 1, 1, 5, 2, 2, 2, 2, 0], [0, 0, 0, 0, 0, 0, 0, 0, 0, 0, 0]]"
2026-05-25T12:58:13.861749,0,West,152.0,False,False,False,"[[0, 0, 0, 0, 0, 0, 0, 0, 0, 0, 0], [0, 2, 2, 2, 2, 2, 2, 2, 2, 3, 0], [0, 2, 0, 0, 0, 2, 0, 0, 0, 2, 0], [0, 2, 0, 2, 2, 2, 2, 2, 0, 2, 0], [0, 2, 2, 2, 0, 2, 0, 2, 2, 2, 0], [0, 0, 0, 2, 0, 2, 0, 2, 1, 1, 0], [0, 2, 2, 2, 2, 2, 2, 2, 2, 2, 0], [0, 2, 0, 2, 0, 0, 0, 4, 0, 2, 0], [0, 2, 0, 2, 0, 1, 0, 2, 0, 2, 0], [0, 1, 2, 2, 0, 1, 1, 2, 4, 2, 0], [0, 1, 2, 2, 0, 1, 1, 2, 2, 2, 0], [0, 1, 0, 2, 0, 1, 0, 2, 0, 2, 0], [0, 1, 0, 2, 0, 0, 0, 2, 0, 2, 0], [0, 1, 1, 1, 2, 2, 2, 2, 2, 2, 0], [0, 0, 0, 1, 0, 2, 0, 2, 1, 1, 0], [0, 1, 1, 1, 0, 2, 0, 2, 2, 2, 0], [0, 1, 0, 2, 2, 2, 2, 2, 0, 2, 0], [0, 1, 0, 0, 0, 5, 0, 0, 0, 2, 0], [0, 1, 1, 1, 1, 1, 2, 2, 2, 2, 0], [0, 0, 0, 0, 0, 0, 0, 0, 0, 0, 0]]"
2026-05-25T12:58:14.063173,0,North,161.0,False,False,False,"[[0, 0, 0, 0, 0, 0, 0, 0, 0, 0, 0], [0, 2, 2, 2, 2, 2, 2, 2, 2, 3, 0], [0, 2, 0, 0, 0, 2, 0, 0, 0, 2, 0], [0, 2, 0, 2, 2, 2, 2, 2, 0, 2, 0], [0, 2, 2, 2, 0, 2, 0, 2, 2, 2, 0], [0, 0, 0, 2, 0, 2, 0, 2, 1, 1, 0], [0, 2, 2, 2, 2, 2, 2, 4, 2, 2, 0], [0, 2, 0, 2, 0, 0, 0, 2, 0, 2, 0], [0, 2, 0, 2, 0, 1, 0, 2, 0, 2, 0], [0, 1, 2, 2, 0, 1, 1, 2, 4, 2, 0], [0, 1, 2, 2, 0, 1, 1, 2, 2, 2, 0], [0, 1, 0, 2, 0, 1, 0, 2, 0, 2, 0], [0, 1, 0, 2, 0, 0, 0, 2, 0, 2, 0], [0, 1, 1, 1, 2, 2, 2, 2, 2, 2, 0], [0, 0, 0, 1, 0, 2, 0, 2, 1, 1, 0], [0, 1, 1, 1, 0, 2, 0, 2, 2, 2, 0], [0, 1, 0, 2, 2, 5, 2, 2, 0, 2, 0], [0, 1, 0, 0, 0, 1, 0, 0, 0, 2, 0], [0, 1, 1, 1, 1, 1, 2, 2, 2, 2, 0], [0, 0, 0, 0, 0, 0, 0, 0, 0, 0, 0]]"
2026-05-25T12:58:14.232028,0,South,170.0,False,False,False,"[[0, 0, 0, 0, 0, 0, 0, 0, 0, 0, 0], [0, 2, 2, 2, 2, 2, 2, 2, 2, 3, 0], [0, 2, 0, 0, 0, 2, 0, 0, 0, 2, 0], [0, 2, 0, 2, 2, 2, 2, 2, 0, 2, 0], [0, 2, 2, 2, 0, 2, 0, 2, 2, 2, 0], [0, 0, 0, 2, 0, 2, 0, 2, 1, 1, 0], [0, 2, 2, 2, 2, 2, 2, 4, 2, 2, 0], [0, 2, 0, 2, 0, 0, 0, 2, 0, 2, 0], [0, 2, 0, 2, 0, 1, 0, 2, 0, 2, 0], [0, 1, 2, 2, 0, 1, 1, 2, 2, 4, 0], [0, 1, 2, 2, 0, 1, 1, 2, 2, 2, 0], [0, 1, 0, 2, 0, 1, 0, 2, 0, 2, 0], [0, 1, 0, 2, 0, 0, 0, 2, 0, 2, 0], [0, 1, 1, 1, 2, 2, 2, 2, 2, 2, 0], [0, 0, 0, 1, 0, 2, 0, 2, 1, 1, 0], [0, 1, 1, 1, 0, 2, 0, 2, 2, 2, 0], [0, 1, 0, 2, 2, 1, 5, 2, 0, 2, 0], [0, 1, 0, 0, 0, 1, 0, 0, 0, 2, 0], [0, 1, 1, 1, 1, 1, 2, 2, 2, 2, 0], [0, 0, 0, 0, 0, 0, 0, 0, 0, 0, 0]]"
2026-05-25T12:58:14.431350,0,West,169.0,False,False,False,"[[0, 0, 0, 0, 0, 0, 0, 0, 0, 0, 0], [0, 2, 2, 2, 2, 2, 2, 2, 2, 3, 0], [0, 2, 0, 0, 0, 2, 0, 0, 0, 2, 0], [0, 2, 0, 2, 2, 2, 2, 2, 0, 2, 0], [0, 2, 2, 2, 0, 2, 0, 2, 2, 2, 0], [0, 0, 0, 2, 0, 2, 0, 4, 1, 1, 0], [0, 2, 2, 2, 2, 2, 2, 2, 2, 2, 0], [0, 2, 0, 2, 0, 0, 0, 2, 0, 2, 0], [0, 2, 0, 2, 0, 1, 0, 2, 0, 4, 0], [0, 1, 2, 2, 0, 1, 1, 2, 2, 2, 0], [0, 1, 2, 2, 0, 1, 1, 2, 2, 2, 0], [0, 1, 0, 2, 0, 1, 0, 2, 0, 2, 0], [0, 1, 0, 2, 0, 0, 0, 2, 0, 2, 0], [0, 1, 1, 1, 2, 2, 2, 2, 2, 2, 0], [0, 0, 0, 1, 0, 2, 0, 2, 1, 1, 0], [0, 1, 1, 1, 0, 2, 0, 2, 2, 2, 0], [0, 1, 0, 2, 2, 5, 1, 2, 0, 2, 0], [0, 1, 0, 0, 0, 1, 0, 0, 0, 2, 0], [0, 1, 1, 1, 1, 1, 2, 2, 2, 2, 0], [0, 0, 0, 0, 0, 0, 0, 0, 0, 0, 0]]"
2026-05-25T12:58:14.598178,0,West,178.0,False,False,False,"[[0, 0, 0, 0, 0, 0, 0, 0, 0, 0, 0], [0, 2, 2, 2, 2, 2, 2, 2, 2, 3, 0], [0, 2, 0, 0, 0, 2, 0, 0, 0, 2, 0], [0, 2, 0, 2, 2, 2, 2, 2, 0, 2, 0], [0, 2, 2, 2, 0, 2, 0, 2, 2, 2, 0], [0, 0, 0, 2, 0, 2, 0, 4, 1, 1, 0], [0, 2, 2, 2, 2, 2, 2, 2, 2, 2, 0], [0, 2, 0, 2, 0, 0, 0, 2, 0, 2, 0], [0, 2, 0, 2, 0, 1, 0, 2, 0, 4, 0], [0, 1, 2, 2, 0, 1, 1, 2, 2, 2, 0], [0, 1, 2, 2, 0, 1, 1, 2, 2, 2, 0], [0, 1, 0, 2, 0, 1, 0, 2, 0, 2, 0], [0, 1, 0, 2, 0, 0, 0, 2, 0, 2, 0], [0, 1, 1, 1, 2, 2, 2, 2, 2, 2, 0], [0, 0, 0, 1, 0, 2, 0, 2, 1, 1, 0], [0, 1, 1, 1, 0, 5, 0, 2, 2, 2, 0], [0, 1, 0, 2, 2, 1, 1, 2, 0, 2, 0], [0, 1, 0, 0, 0, 1, 0, 0, 0, 2, 0], [0, 1, 1, 1, 1, 1, 2, 2, 2, 2, 0], [0, 0, 0, 0, 0, 0, 0, 0, 0, 0, 0]]"
2026-05-25T12:58:14.709930,0,East,187.0,False,False,False,"[[0, 0, 0, 0, 0, 0, 0, 0, 0, 0, 0], [0, 2, 2, 2, 2, 2, 2, 2, 2, 3, 0], [0, 2, 0, 0, 0, 2, 0, 0, 0, 2, 0], [0, 2, 0, 2, 2, 2, 2, 2, 0, 2, 0], [0, 2, 2, 2, 0, 2, 0, 2, 2, 2, 0], [0, 0, 0, 2, 0, 2, 0, 4, 1, 1, 0], [0, 2, 2, 2, 2, 2, 2, 2, 2, 2, 0], [0, 2, 0, 2, 0, 0, 0, 2, 0, 4, 0], [0, 2, 0, 2, 0, 1, 0, 2, 0, 2, 0], [0, 1, 2, 2, 0, 1, 1, 2, 2, 2, 0], [0, 1, 2, 2, 0, 1, 1, 2, 2, 2, 0], [0, 1, 0, 2, 0, 1, 0, 2, 0, 2, 0], [0, 1, 0, 2, 0, 0, 0, 2, 0, 2, 0], [0, 1, 1, 1, 2, 2, 2, 2, 2, 2, 0], [0, 0, 0, 1, 0, 5, 0, 2, 1, 1, 0], [0, 1, 1, 1, 0, 1, 0, 2, 2, 2, 0], [0, 1, 0, 2, 2, 1, 1, 2, 0, 2, 0], [0, 1, 0, 0, 0, 1, 0, 0, 0, 2, 0], [0, 1, 1, 1, 1, 1, 2, 2, 2, 2, 0], [0, 0, 0, 0, 0, 0, 0, 0, 0, 0, 0]]"
2026-05-25T12:58:14.822294,0,East,186.0,False,False,False,"[[0, 0, 0, 0, 0, 0, 0, 0, 0, 0, 0], [0, 2, 2, 2, 2, 2, 2, 2, 2, 3, 0], [0, 2, 0, 0, 0, 2, 0, 0, 0, 2, 0], [0, 2, 0, 2, 2, 2, 2, 2, 0, 2, 0], [0, 2, 2, 2, 0, 2, 0, 2, 2, 2, 0], [0, 0, 0, 2, 0, 2, 0, 2, 4, 1, 0], [0, 2, 2, 2, 2, 2, 2, 2, 2, 2, 0], [0, 2, 0, 2, 0, 0, 0, 2, 0, 4, 0], [0, 2, 0, 2, 0, 1, 0, 2, 0, 2, 0], [0, 1, 2, 2, 0, 1, 1, 2, 2, 2, 0], [0, 1, 2, 2, 0, 1, 1, 2, 2, 2, 0], [0, 1, 0, 2, 0, 1, 0, 2, 0, 2, 0], [0, 1, 0, 2, 0, 0, 0, 2, 0, 2, 0], [0, 1, 1, 1, 2, 2, 2, 2, 2, 2, 0], [0, 0, 0, 1, 0, 1, 0, 2, 1, 1, 0], [0, 1, 1, 1, 0, 5, 0, 2, 2, 2, 0], [0, 1, 0, 2, 2, 1, 1, 2, 0, 2, 0], [0, 1, 0, 0, 0, 1, 0, 0, 0, 2, 0], [0, 1, 1, 1, 1, 1, 2, 2, 2, 2, 0], [0, 0, 0, 0, 0, 0, 0, 0, 0, 0, 0]]"
2026-05-25T12:58:14.933780,0,South,185.0,False,False,False,"[[0, 0, 0, 0, 0, 0, 0, 0, 0, 0, 0], [0, 2, 2, 2, 2, 2, 2, 2, 2, 3, 0], [0, 2, 0, 0, 0, 2, 0, 0, 0, 2, 0], [0, 2, 0, 2, 2, 2, 2, 2, 0, 2, 0], [0, 2, 2, 2, 0, 2, 0, 2, 2, 2, 0], [0, 0, 0, 2, 0, 2, 0, 2, 4, 1, 0], [0, 2, 2, 2, 2, 2, 2, 2, 2, 4, 0], [0, 2, 0, 2, 0, 0, 0, 2, 0, 2, 0], [0, 2, 0, 2, 0, 1, 0, 2, 0, 2, 0], [0, 1, 2, 2, 0, 1, 1, 2, 2, 2, 0], [0, 1, 2, 2, 0, 1, 1, 2, 2, 2, 0], [0, 1, 0, 2, 0, 1, 0, 2, 0, 2, 0], [0, 1, 0, 2, 0, 0, 0, 2, 0, 2, 0], [0, 1, 1, 1, 2, 2, 2, 2, 2, 2, 0], [0, 0, 0, 1, 0, 1, 0, 2, 1, 1, 0], [0, 1, 1, 1, 0, 1, 0, 2, 2, 2, 0], [0, 1, 0, 2, 2, 5, 1, 2, 0, 2, 0], [0, 1, 0, 0, 0, 1, 0, 0, 0, 2, 0], [0, 1, 1, 1, 1, 1, 2, 2, 2, 2, 0], [0, 0, 0, 0, 0, 0, 0, 0, 0, 0, 0]]"
2026-05-25T12:58:15.044867,0,South,194.0,False,False,False,"[[0, 0, 0, 0, 0, 0, 0, 0, 0, 0, 0], [0, 2, 2, 2, 2, 2, 2, 2, 2, 3, 0], [0, 2, 0, 0, 0, 2, 0, 0, 0, 2, 0], [0, 2, 0, 2, 2, 2, 2, 2, 0, 2, 0], [0, 2, 2, 2, 0, 2, 0, 2, 2, 2, 0], [0, 0, 0, 2, 0, 2, 0, 2, 1, 4, 0], [0, 2, 2, 2, 2, 2, 2, 2, 2, 4, 0], [0, 2, 0, 2, 0, 0, 0, 2, 0, 2, 0], [0, 2, 0, 2, 0, 1, 0, 2, 0, 2, 0], [0, 1, 2, 2, 0, 1, 1, 2, 2, 2, 0], [0, 1, 2, 2, 0, 1, 1, 2, 2, 2, 0], [0, 1, 0, 2, 0, 1, 0, 2, 0, 2, 0], [0, 1, 0, 2, 0, 0, 0, 2, 0, 2, 0], [0, 1, 1, 1, 2, 2, 2, 2, 2, 2, 0], [0, 0, 0, 1, 0, 1, 0, 2, 1, 1, 0], [0, 1, 1, 1, 0, 1, 0, 2, 2, 2, 0], [0, 1, 0, 2, 5, 1, 1, 2, 0, 2, 0], [0, 1, 0, 0, 0, 1, 0, 0, 0, 2, 0], [0, 1, 1, 1, 1, 1, 2, 2, 2, 2, 0], [0, 0, 0, 0, 0, 0, 0, 0, 0, 0, 0]]"
2026-05-25T12:58:15.155106,0,West,203.0,False,False,False,"[[0, 0, 0, 0, 0, 0, 0, 0, 0, 0, 0], [0, 2, 2, 2, 2, 2, 2, 2, 2, 3, 0], [0, 2, 0, 0, 0, 2, 0, 0, 0, 2, 0], [0, 2, 0, 2, 2, 2, 2, 2, 0, 2, 0], [0, 2, 2, 2, 0, 2, 0, 2, 2, 4, 0], [0, 0, 0, 2, 0, 2, 0, 2, 1, 4, 0], [0, 2, 2, 2, 2, 2, 2, 2, 2, 2, 0], [0, 2, 0, 2, 0, 0, 0, 2, 0, 2, 0], [0, 2, 0, 2, 0, 1, 0, 2, 0, 2, 0], [0, 1, 2, 2, 0, 1, 1, 2, 2, 2, 0], [0, 1, 2, 2, 0, 1, 1, 2, 2, 2, 0], [0, 1, 0, 2, 0, 1, 0, 2, 0, 2, 0], [0, 1, 0, 2, 0, 0, 0, 2, 0, 2, 0], [0, 1, 1, 1, 2, 2, 2, 2, 2, 2, 0], [0, 0, 0, 1, 0, 1, 0, 2, 1, 1, 0], [0, 1, 1, 1, 0, 1, 0, 2, 2, 2, 0], [0, 1, 0, 5, 1, 1, 1, 2, 0, 2, 0], [0, 1, 0, 0, 0, 1, 0, 0, 0, 2, 0], [0, 1, 1, 1, 1, 1, 2, 2, 2, 2, 0], [0, 0, 0, 0, 0, 0, 0, 0, 0, 0, 0]]"
2026-05-25T12:58:15.265674,0,South,202.0,False,False,False,"[[0, 0, 0, 0, 0, 0, 0, 0, 0, 0, 0], [0, 2, 2, 2, 2, 2, 2, 2, 2, 3, 0], [0, 2, 0, 0, 0, 2, 0, 0, 0, 2, 0], [0, 2, 0, 2, 2, 2, 2, 2, 0, 2, 0], [0, 2, 2, 2, 0, 2, 0, 2, 2, 4, 0], [0, 0, 0, 2, 0, 2, 0, 2, 1, 4, 0], [0, 2, 2, 2, 2, 2, 2, 2, 2, 2, 0], [0, 2, 0, 2, 0, 0, 0, 2, 0, 2, 0], [0, 2, 0, 2, 0, 1, 0, 2, 0, 2, 0], [0, 1, 2, 2, 0, 1, 1, 2, 2, 2, 0], [0, 1, 2, 2, 0, 1, 1, 2, 2, 2, 0], [0, 1, 0, 2, 0, 1, 0, 2, 0, 2, 0], [0, 1, 0, 2, 0, 0, 0, 2, 0, 2, 0], [0, 1, 1, 1, 2, 2, 2, 2, 2, 2, 0], [0, 0, 0, 1, 0, 1, 0, 2, 1, 1, 0], [0, 1, 1, 5, 0, 1, 0, 2, 2, 2, 0], [0, 1, 0, 1, 1, 1, 1, 2, 0, 2, 0], [0, 1, 0, 0, 0, 1, 0, 0, 0, 2, 0], [0, 1, 1, 1, 1, 1, 2, 2, 2, 2, 0], [0, 0, 0, 0, 0, 0, 0, 0, 0, 0, 0]]"
2026-05-25T12:58:15.377898,0,South,201.0,False,False,False,"[[0, 0, 0, 0, 0, 0, 0, 0, 0, 0, 0], [0, 2, 2, 2, 2, 2, 2, 2, 2, 3, 0], [0, 2, 0, 0, 0, 2, 0, 0, 0, 2, 0], [0, 2, 0, 2, 2, 2, 2, 2, 0, 4, 0], [0, 2, 2, 2, 0, 2, 0, 2, 2, 4, 0], [0, 0, 0, 2, 0, 2, 0, 2, 1, 1, 0], [0, 2, 2, 2, 2, 2, 2, 2, 2, 2, 0], [0, 2, 0, 2, 0, 0, 0, 2, 0, 2, 0], [0, 2, 0, 2, 0, 1, 0, 2, 0, 2, 0], [0, 1, 2, 2, 0, 1, 1, 2, 2, 2, 0], [0, 1, 2, 2, 0, 1, 1, 2, 2, 2, 0], [0, 1, 0, 2, 0, 1, 0, 2, 0, 2, 0], [0, 1, 0, 2, 0, 0, 0, 2, 0, 2, 0], [0, 1, 1, 1, 2, 2, 2, 2, 2, 2, 0], [0, 0, 0, 1, 0, 1, 0, 2, 1, 1, 0], [0, 1, 5, 1, 0, 1, 0, 2, 2, 2, 0], [0, 1, 0, 1, 1, 1, 1, 2, 0, 2, 0], [0, 1, 0, 0, 0, 1, 0, 0, 0, 2, 0], [0, 1, 1, 1, 1, 1, 2, 2, 2, 2, 0], [0, 0, 0, 0, 0, 0, 0, 0, 0, 0, 0]]"
2026-05-25T12:58:15.489708,0,East,200.0,False,False,False,"[[0, 0, 0, 0, 0, 0, 0, 0, 0, 0, 0], [0, 2, 2, 2, 2, 2, 2, 2, 2, 3, 0], [0, 2, 0, 0, 0, 2, 0, 0, 0, 2, 0], [0, 2, 0, 2, 2, 2, 2, 2, 0, 4, 0], [0, 2, 2, 2, 0, 2, 0, 2, 2, 4, 0], [0, 0, 0, 2, 0, 2, 0, 2, 1, 1, 0], [0, 2, 2, 2, 2, 2, 2, 2, 2, 2, 0], [0, 2, 0, 2, 0, 0, 0, 2, 0, 2, 0], [0, 2, 0, 2, 0, 1, 0, 2, 0, 2, 0], [0, 1, 2, 2, 0, 1, 1, 2, 2, 2, 0], [0, 1, 2, 2, 0, 1, 1, 2, 2, 2, 0], [0, 1, 0, 2, 0, 1, 0, 2, 0, 2, 0], [0, 1, 0, 2, 0, 0, 0, 2, 0, 2, 0], [0, 1, 1, 1, 2, 2, 2, 2, 2, 2, 0], [0, 0, 0, 1, 0, 1, 0, 2, 1, 1, 0], [0, 5, 1, 1, 0, 1, 0, 2, 2, 2, 0], [0, 1, 0, 1, 1, 1, 1, 2, 0, 2, 0], [0, 1, 0, 0, 0, 1, 0, 0, 0, 2, 0], [0, 1, 1, 1, 1, 1, 2, 2, 2, 2, 0], [0, 0, 0, 0, 0, 0, 0, 0, 0, 0, 0]]"
2026-05-25T12:58:15.618067,0,East,199.0,False,False,False,"[[0, 0, 0, 0, 0, 0, 0, 0, 0, 0, 0], [0, 2, 2, 2, 2, 2, 2, 2, 2, 3, 0], [0, 2, 0, 0, 0, 2, 0, 0, 0, 4, 0], [0, 2, 0, 2, 2, 2, 2, 2, 0, 4, 0], [0, 2, 2, 2, 0, 2, 0, 2, 2, 2, 0], [0, 0, 0, 2, 0, 2, 0, 2, 1, 1, 0], [0, 2, 2, 2, 2, 2, 2, 2, 2, 2, 0], [0, 2, 0, 2, 0, 0, 0, 2, 0, 2, 0], [0, 2, 0, 2, 0, 1, 0, 2, 0, 2, 0], [0, 1, 2, 2, 0, 1, 1, 2, 2, 2, 0], [0, 1, 2, 2, 0, 1, 1, 2, 2, 2, 0], [0, 1, 0, 2, 0, 1, 0, 2, 0, 2, 0], [0, 1, 0, 2, 0, 0, 0, 2, 0, 2, 0], [0, 1, 1, 1, 2, 2, 2, 2, 2, 2, 0], [0, 0, 0, 1, 0, 1, 0, 2, 1, 1, 0], [0, 1, 1, 1, 0, 1, 0, 2, 2, 2, 0], [0, 5, 0, 1, 1, 1, 1, 2, 0, 2, 0], [0, 1, 0, 0, 0, 1, 0, 0, 0, 2, 0], [0, 1, 1, 1, 1, 1, 2, 2, 2, 2, 0], [0, 0, 0, 0, 0, 0, 0, 0, 0, 0, 0]]"
2026-05-25T12:58:15.778322,0,West,198.0,False,False,False,"[[0, 0, 0, 0, 0, 0, 0, 0, 0, 0, 0], [0, 2, 2, 2, 2, 2, 2, 2, 2, 3, 0], [0, 2, 0, 0, 0, 2, 0, 0, 0, 4, 0], [0, 2, 0, 2, 2, 2, 2, 2, 0, 4, 0], [0, 2, 2, 2, 0, 2, 0, 2, 2, 2, 0], [0, 0, 0, 2, 0, 2, 0, 2, 1, 1, 0], [0, 2, 2, 2, 2, 2, 2, 2, 2, 2, 0], [0, 2, 0, 2, 0, 0, 0, 2, 0, 2, 0], [0, 2, 0, 2, 0, 1, 0, 2, 0, 2, 0], [0, 1, 2, 2, 0, 1, 1, 2, 2, 2, 0], [0, 1, 2, 2, 0, 1, 1, 2, 2, 2, 0], [0, 1, 0, 2, 0, 1, 0, 2, 0, 2, 0], [0, 1, 0, 2, 0, 0, 0, 2, 0, 2, 0], [0, 1, 1, 1, 2, 2, 2, 2, 2, 2, 0], [0, 0, 0, 1, 0, 1, 0, 2, 1, 1, 0], [0, 1, 1, 1, 0, 1, 0, 2, 2, 2, 0], [0, 1, 0, 1, 1, 1, 1, 2, 0, 2, 0], [0, 5, 0, 0, 0, 1, 0, 0, 0, 2, 0], [0, 1, 1, 1, 1, 1, 2, 2, 2, 2, 0], [0, 0, 0, 0, 0, 0, 0, 0, 0, 0, 0]]"
2026-05-25T12:58:15.948915,0,East,197.0,False,False,False,"[[0, 0, 0, 0, 0, 0, 0, 0, 0, 0, 0], [0, 2, 2, 2, 2, 2, 2, 2, 2, 4, 0], [0, 2, 0, 0, 0, 2, 0, 0, 0, 4, 0], [0, 2, 0, 2, 2, 2, 2, 2, 0, 2, 0], [0, 2, 2, 2, 0, 2, 0, 2, 2, 2, 0], [0, 0, 0, 2, 0, 2, 0, 2, 1, 1, 0], [0, 2, 2, 2, 2, 2, 2, 2, 2, 2, 0], [0, 2, 0, 2, 0, 0, 0, 2, 0, 2, 0], [0, 2, 0, 2, 0, 1, 0, 2, 0, 2, 0], [0, 1, 2, 2, 0, 1, 1, 2, 2, 2, 0], [0, 1, 2, 2, 0, 1, 1, 2, 2, 2, 0], [0, 1, 0, 2, 0, 1, 0, 2, 0, 2, 0], [0, 1, 0, 2, 0, 0, 0, 2, 0, 2, 0], [0, 1, 1, 1, 2, 2, 2, 2, 2, 2, 0], [0, 0, 0, 1, 0, 1, 0, 2, 1, 1, 0], [0, 1, 1, 1, 0, 1, 0, 2, 2, 2, 0], [0, 5, 0, 1, 1, 1, 1, 2, 0, 2, 0], [0, 1, 0, 0, 0, 1, 0, 0, 0, 2, 0], [0, 1, 1, 1, 1, 1, 2, 2, 2, 2, 0], [0, 0, 0, 0, 0, 0, 0, 0, 0, 0, 0]]"
2026-05-25T12:58:16.111585,0,West,196.0,False,False,False,"[[0, 0, 0, 0, 0, 0, 0, 0, 0, 0, 0], [0, 2, 2, 2, 2, 2, 2, 2, 2, 4, 0], [0, 2, 0, 0, 0, 2, 0, 0, 0, 4, 0], [0, 2, 0, 2, 2, 2, 2, 2, 0, 2, 0], [0, 2, 2, 2, 0, 2, 0, 2, 2, 2, 0], [0, 0, 0, 2, 0, 2, 0, 2, 1, 1, 0], [0, 2, 2, 2, 2, 2, 2, 2, 2, 2, 0], [0, 2, 0, 2, 0, 0, 0, 2, 0, 2, 0], [0, 2, 0, 2, 0, 1, 0, 2, 0, 2, 0], [0, 1, 2, 2, 0, 1, 1, 2, 2, 2, 0], [0, 1, 2, 2, 0, 1, 1, 2, 2, 2, 0], [0, 1, 0, 2, 0, 1, 0, 2, 0, 2, 0], [0, 1, 0, 2, 0, 0, 0, 2, 0, 2, 0], [0, 1, 1, 1, 2, 2, 2, 2, 2, 2, 0], [0, 0, 0, 1, 0, 1, 0, 2, 1, 1, 0], [0, 1, 1, 1, 0, 1, 0, 2, 2, 2, 0], [0, 1, 0, 1, 1, 1, 1, 2, 0, 2, 0], [0, 5, 0, 0, 0, 1, 0, 0, 0, 2, 0], [0, 1, 1, 1, 1, 1, 2, 2, 2, 2, 0], [0, 0, 0, 0, 0, 0, 0, 0, 0, 0, 0]]"
2026-05-25T12:58:16.256629,0,West,195.0,False,False,False,"[[0, 0, 0, 0, 0, 0, 0, 0, 0, 0, 0], [0, 2, 2, 2, 2, 2, 2, 2, 4, 4, 0], [0, 2, 0, 0, 0, 2, 0, 0, 0, 2, 0], [0, 2, 0, 2, 2, 2, 2, 2, 0, 2, 0], [0, 2, 2, 2, 0, 2, 0, 2, 2, 2, 0], [0, 0, 0, 2, 0, 2, 0, 2, 1, 1, 0], [0, 2, 2, 2, 2, 2, 2, 2, 2, 2, 0], [0, 2, 0, 2, 0, 0, 0, 2, 0, 2, 0], [0, 2, 0, 2, 0, 1, 0, 2, 0, 2, 0], [0, 1, 2, 2, 0, 1, 1, 2, 2, 2, 0], [0, 1, 2, 2, 0, 1, 1, 2, 2, 2, 0], [0, 1, 0, 2, 0, 1, 0, 2, 0, 2, 0], [0, 1, 0, 2, 0, 0, 0, 2, 0, 2, 0], [0, 1, 1, 1, 2, 2, 2, 2, 2, 2, 0], [0, 0, 0, 1, 0, 1, 0, 2, 1, 1, 0], [0, 1, 1, 1, 0, 1, 0, 2, 2, 2, 0], [0, 5, 0, 1, 1, 1, 1, 2, 0, 2, 0], [0, 1, 0, 0, 0, 1, 0, 0, 0, 2, 0], [0, 1, 1, 1, 1, 1, 2, 2, 2, 2, 0], [0, 0, 0, 0, 0, 0, 0, 0, 0, 0, 0]]"
2026-05-25T12:58:16.398910,0,North,194.0,False,False,False,"[[0, 0, 0, 0, 0, 0, 0, 0, 0, 0, 0], [0, 2, 2, 2, 2, 2, 2, 2, 4, 4, 0], [0, 2, 0, 0, 0, 2, 0, 0, 0, 2, 0], [0, 2, 0, 2, 2, 2, 2, 2, 0, 2, 0], [0, 2, 2, 2, 0, 2, 0, 2, 2, 2, 0], [0, 0, 0, 2, 0, 2, 0, 2, 1, 1, 0], [0, 2, 2, 2, 2, 2, 2, 2, 2, 2, 0], [0, 2, 0, 2, 0, 0, 0, 2, 0, 2, 0], [0, 2, 0, 2, 0, 1, 0, 2, 0, 2, 0], [0, 1, 2, 2, 0, 1, 1, 2, 2, 2, 0], [0, 1, 2, 2, 0, 1, 1, 2, 2, 2, 0], [0, 1, 0, 2, 0, 1, 0, 2, 0, 2, 0], [0, 1, 0, 2, 0, 0, 0, 2, 0, 2, 0], [0, 1, 1, 1, 2, 2, 2, 2, 2, 2, 0], [0, 0, 0, 1, 0, 1, 0, 2, 1, 1, 0], [0, 5, 1, 1, 0, 1, 0, 2, 2, 2, 0], [0, 1, 0, 1, 1, 1, 1, 2, 0, 2, 0], [0, 1, 0, 0, 0, 1, 0, 0, 0, 2, 0], [0, 1, 1, 1, 1, 1, 2, 2, 2, 2, 0], [0, 0, 0, 0, 0, 0, 0, 0, 0, 0, 0]]"
2026-05-25T12:58:16.578493,0,North,193.0,False,False,False,"[[0, 0, 0, 0, 0, 0, 0, 0, 0, 0, 0], [0, 2, 2, 2, 2, 2, 2, 4, 4, 3, 0], [0, 2, 0, 0, 0, 2, 0, 0, 0, 2, 0], [0, 2, 0, 2, 2, 2, 2, 2, 0, 2, 0], [0, 2, 2, 2, 0, 2, 0, 2, 2, 2, 0], [0, 0, 0, 2, 0, 2, 0, 2, 1, 1, 0], [0, 2, 2, 2, 2, 2, 2, 2, 2, 2, 0], [0, 2, 0, 2, 0, 0, 0, 2, 0, 2, 0], [0, 2, 0, 2, 0, 1, 0, 2, 0, 2, 0], [0, 1, 2, 2, 0, 1, 1, 2, 2, 2, 0], [0, 1, 2, 2, 0, 1, 1, 2, 2, 2, 0], [0, 1, 0, 2, 0, 1, 0, 2, 0, 2, 0], [0, 1, 0, 2, 0, 0, 0, 2, 0, 2, 0], [0, 1, 1, 1, 2, 2, 2, 2, 2, 2, 0], [0, 0, 0, 1, 0, 1, 0, 2, 1, 1, 0], [0, 1, 5, 1, 0, 1, 0, 2, 2, 2, 0], [0, 1, 0, 1, 1, 1, 1, 2, 0, 2, 0], [0, 1, 0, 0, 0, 1, 0, 0, 0, 2, 0], [0, 1, 1, 1, 1, 1, 2, 2, 2, 2, 0], [0, 0, 0, 0, 0, 0, 0, 0, 0, 0, 0]]"
2026-05-25T12:58:16.731009,0,South,192.0,False,False,False,"[[0, 0, 0, 0, 0, 0, 0, 0, 0, 0, 0], [0, 2, 2, 2, 2, 2, 2, 4, 4, 3, 0], [0, 2, 0, 0, 0, 2, 0, 0, 0, 2, 0], [0, 2, 0, 2, 2, 2, 2, 2, 0, 2, 0], [0, 2, 2, 2, 0, 2, 0, 2, 2, 2, 0], [0, 0, 0, 2, 0, 2, 0, 2, 1, 1, 0], [0, 2, 2, 2, 2, 2, 2, 2, 2, 2, 0], [0, 2, 0, 2, 0, 0, 0, 2, 0, 2, 0], [0, 2, 0, 2, 0, 1, 0, 2, 0, 2, 0], [0, 1, 2, 2, 0, 1, 1, 2, 2, 2, 0], [0, 1, 2, 2, 0, 1, 1, 2, 2, 2, 0], [0, 1, 0, 2, 0, 1, 0, 2, 0, 2, 0], [0, 1, 0, 2, 0, 0, 0, 2, 0, 2, 0], [0, 1, 1, 1, 2, 2, 2, 2, 2, 2, 0], [0, 0, 0, 1, 0, 1, 0, 2, 1, 1, 0], [0, 1, 1, 5, 0, 1, 0, 2, 2, 2, 0], [0, 1, 0, 1, 1, 1, 1, 2, 0, 2, 0], [0, 1, 0, 0, 0, 1, 0, 0, 0, 2, 0], [0, 1, 1, 1, 1, 1, 2, 2, 2, 2, 0], [0, 0, 0, 0, 0, 0, 0, 0, 0, 0, 0]]"
2026-05-25T12:58:16.862716,0,South,191.0,False,False,False,"[[0, 0, 0, 0, 0, 0, 0, 0, 0, 0, 0], [0, 2, 2, 2, 2, 2, 4, 4, 2, 3, 0], [0, 2, 0, 0, 0, 2, 0, 0, 0, 2, 0], [0, 2, 0, 2, 2, 2, 2, 2, 0, 2, 0], [0, 2, 2, 2, 0, 2, 0, 2, 2, 2, 0], [0, 0, 0, 2, 0, 2, 0, 2, 1, 1, 0], [0, 2, 2, 2, 2, 2, 2, 2, 2, 2, 0], [0, 2, 0, 2, 0, 0, 0, 2, 0, 2, 0], [0, 2, 0, 2, 0, 1, 0, 2, 0, 2, 0], [0, 1, 2, 2, 0, 1, 1, 2, 2, 2, 0], [0, 1, 2, 2, 0, 1, 1, 2, 2, 2, 0], [0, 1, 0, 2, 0, 1, 0, 2, 0, 2, 0], [0, 1, 0, 2, 0, 0, 0, 2, 0, 2, 0], [0, 1, 1, 1, 2, 2, 2, 2, 2, 2, 0], [0, 0, 0, 1, 0, 1, 0, 2, 1, 1, 0], [0, 1, 5, 1, 0, 1, 0, 2, 2, 2, 0], [0, 1, 0, 1, 1, 1, 1, 2, 0, 2, 0], [0, 1, 0, 0, 0, 1, 0, 0, 0, 2, 0], [0, 1, 1, 1, 1, 1, 2, 2, 2, 2, 0], [0, 0, 0, 0, 0, 0, 0, 0, 0, 0, 0]]"
2026-05-25T12:58:16.975332,0,North,190.0,False,False,False,"[[0, 0, 0, 0, 0, 0, 0, 0, 0, 0, 0], [0, 2, 2, 2, 2, 2, 4, 4, 2, 3, 0], [0, 2, 0, 0, 0, 2, 0, 0, 0, 2, 0], [0, 2, 0, 2, 2, 2, 2, 2, 0, 2, 0], [0, 2, 2, 2, 0, 2, 0, 2, 2, 2, 0], [0, 0, 0, 2, 0, 2, 0, 2, 1, 1, 0], [0, 2, 2, 2, 2, 2, 2, 2, 2, 2, 0], [0, 2, 0, 2, 0, 0, 0, 2, 0, 2, 0], [0, 2, 0, 2, 0, 1, 0, 2, 0, 2, 0], [0, 1, 2, 2, 0, 1, 1, 2, 2, 2, 0], [0, 1, 2, 2, 0, 1, 1, 2, 2, 2, 0], [0, 1, 0, 2, 0, 1, 0, 2, 0, 2, 0], [0, 1, 0, 2, 0, 0, 0, 2, 0, 2, 0], [0, 1, 1, 1, 2, 2, 2, 2, 2, 2, 0], [0, 0, 0, 1, 0, 1, 0, 2, 1, 1, 0], [0, 5, 1, 1, 0, 1, 0, 2, 2, 2, 0], [0, 1, 0, 1, 1, 1, 1, 2, 0, 2, 0], [0, 1, 0, 0, 0, 1, 0, 0, 0, 2, 0], [0, 1, 1, 1, 1, 1, 2, 2, 2, 2, 0], [0, 0, 0, 0, 0, 0, 0, 0, 0, 0, 0]]"
2026-05-25T12:58:17.098143,0,South,189.0,False,False,False,"[[0, 0, 0, 0, 0, 0, 0, 0, 0, 0, 0], [0, 2, 2, 2, 2, 4, 4, 2, 2, 3, 0], [0, 2, 0, 0, 0, 2, 0, 0, 0, 2, 0], [0, 2, 0, 2, 2, 2, 2, 2, 0, 2, 0], [0, 2, 2, 2, 0, 2, 0, 2, 2, 2, 0], [0, 0, 0, 2, 0, 2, 0, 2, 1, 1, 0], [0, 2, 2, 2, 2, 2, 2, 2, 2, 2, 0], [0, 2, 0, 2, 0, 0, 0, 2, 0, 2, 0], [0, 2, 0, 2, 0, 1, 0, 2, 0, 2, 0], [0, 1, 2, 2, 0, 1, 1, 2, 2, 2, 0], [0, 1, 2, 2, 0, 1, 1, 2, 2, 2, 0], [0, 1, 0, 2, 0, 1, 0, 2, 0, 2, 0], [0, 1, 0, 2, 0, 0, 0, 2, 0, 2, 0], [0, 1, 1, 1, 2, 2, 2, 2, 2, 2, 0], [0, 0, 0, 1, 0, 1, 0, 2, 1, 1, 0], [0, 1, 5, 1, 0, 1, 0, 2, 2, 2, 0], [0, 1, 0, 1, 1, 1, 1, 2, 0, 2, 0], [0, 1, 0, 0, 0, 1, 0, 0, 0, 2, 0], [0, 1, 1, 1, 1, 1, 2, 2, 2, 2, 0], [0, 0, 0, 0, 0, 0, 0, 0, 0, 0, 0]]"
2026-05-25T12:58:17.207885,0,North,188.0,False,False,False,"[[0, 0, 0, 0, 0, 0, 0, 0, 0, 0, 0], [0, 2, 2, 2, 2, 4, 4, 2, 2, 3, 0], [0, 2, 0, 0, 0, 2, 0, 0, 0, 2, 0], [0, 2, 0, 2, 2, 2, 2, 2, 0, 2, 0], [0, 2, 2, 2, 0, 2, 0, 2, 2, 2, 0], [0, 0, 0, 2, 0, 2, 0, 2, 1, 1, 0], [0, 2, 2, 2, 2, 2, 2, 2, 2, 2, 0], [0, 2, 0, 2, 0, 0, 0, 2, 0, 2, 0], [0, 2, 0, 2, 0, 1, 0, 2, 0, 2, 0], [0, 1, 2, 2, 0, 1, 1, 2, 2, 2, 0], [0, 1, 2, 2, 0, 1, 1, 2, 2, 2, 0], [0, 1, 0, 2, 0, 1, 0, 2, 0, 2, 0], [0, 1, 0, 2, 0, 0, 0, 2, 0, 2, 0], [0, 1, 1, 1, 2, 2, 2, 2, 2, 2, 0], [0, 0, 0, 1, 0, 1, 0, 2, 1, 1, 0], [0, 5, 1, 1, 0, 1, 0, 2, 2, 2, 0], [0, 1, 0, 1, 1, 1, 1, 2, 0, 2, 0], [0, 1, 0, 0, 0, 1, 0, 0, 0, 2, 0], [0, 1, 1, 1, 1, 1, 2, 2, 2, 2, 0], [0, 0, 0, 0, 0, 0, 0, 0, 0, 0, 0]]"
2026-05-25T12:58:17.317534,0,South,187.0,False,False,False,"[[0, 0, 0, 0, 0, 0, 0, 0, 0, 0, 0], [0, 2, 2, 2, 4, 4, 2, 2, 2, 3, 0], [0, 2, 0, 0, 0, 2, 0, 0, 0, 2, 0], [0, 2, 0, 2, 2, 2, 2, 2, 0, 2, 0], [0, 2, 2, 2, 0, 2, 0, 2, 2, 2, 0], [0, 0, 0, 2, 0, 2, 0, 2, 1, 1, 0], [0, 2, 2, 2, 2, 2, 2, 2, 2, 2, 0], [0, 2, 0, 2, 0, 0, 0, 2, 0, 2, 0], [0, 2, 0, 2, 0, 1, 0, 2, 0, 2, 0], [0, 1, 2, 2, 0, 1, 1, 2, 2, 2, 0], [0, 1, 2, 2, 0, 1, 1, 2, 2, 2, 0], [0, 1, 0, 2, 0, 1, 0, 2, 0, 2, 0], [0, 1, 0, 2, 0, 0, 0, 2, 0, 2, 0], [0, 1, 1, 1, 2, 2, 2, 2, 2, 2, 0], [0, 0, 0, 1, 0, 1, 0, 2, 1, 1, 0], [0, 1, 5, 1, 0, 1, 0, 2, 2, 2, 0], [0, 1, 0, 1, 1, 1, 1, 2, 0, 2, 0], [0, 1, 0, 0, 0, 1, 0, 0, 0, 2, 0], [0, 1, 1, 1, 1, 1, 2, 2, 2, 2, 0], [0, 0, 0, 0, 0, 0, 0, 0, 0, 0, 0]]"
2026-05-25T12:58:17.428236,0,North,186.0,False,False,False,"[[0, 0, 0, 0, 0, 0, 0, 0, 0, 0, 0], [0, 2, 2, 2, 4, 4, 2, 2, 2, 3, 0], [0, 2, 0, 0, 0, 2, 0, 0, 0, 2, 0], [0, 2, 0, 2, 2, 2, 2, 2, 0, 2, 0], [0, 2, 2, 2, 0, 2, 0, 2, 2, 2, 0], [0, 0, 0, 2, 0, 2, 0, 2, 1, 1, 0], [0, 2, 2, 2, 2, 2, 2, 2, 2, 2, 0], [0, 2, 0, 2, 0, 0, 0, 2, 0, 2, 0], [0, 2, 0, 2, 0, 1, 0, 2, 0, 2, 0], [0, 1, 2, 2, 0, 1, 1, 2, 2, 2, 0], [0, 1, 2, 2, 0, 1, 1, 2, 2, 2, 0], [0, 1, 0, 2, 0, 1, 0, 2, 0, 2, 0], [0, 1, 0, 2, 0, 0, 0, 2, 0, 2, 0], [0, 1, 1, 1, 2, 2, 2, 2, 2, 2, 0], [0, 0, 0, 1, 0, 1, 0, 2, 1, 1, 0], [0, 5, 1, 1, 0, 1, 0, 2, 2, 2, 0], [0, 1, 0, 1, 1, 1, 1, 2, 0, 2, 0], [0, 1, 0, 0, 0, 1, 0, 0, 0, 2, 0], [0, 1, 1, 1, 1, 1, 2, 2, 2, 2, 0], [0, 0, 0, 0, 0, 0, 0, 0, 0, 0, 0]]"
2026-05-25T12:58:17.538572,0,North,185.0,False,False,False,"[[0, 0, 0, 0, 0, 0, 0, 0, 0, 0, 0], [0, 2, 2, 4, 2, 4, 2, 2, 2, 3, 0], [0, 2, 0, 0, 0, 2, 0, 0, 0, 2, 0], [0, 2, 0, 2, 2, 2, 2, 2, 0, 2, 0], [0, 2, 2, 2, 0, 2, 0, 2, 2, 2, 0], [0, 0, 0, 2, 0, 2, 0, 2, 1, 1, 0], [0, 2, 2, 2, 2, 2, 2, 2, 2, 2, 0], [0, 2, 0, 2, 0, 0, 0, 2, 0, 2, 0], [0, 2, 0, 2, 0, 1, 0, 2, 0, 2, 0], [0, 1, 2, 2, 0, 1, 1, 2, 2, 2, 0], [0, 1, 2, 2, 0, 1, 1, 2, 2, 2, 0], [0, 1, 0, 2, 0, 1, 0, 2, 0, 2, 0], [0, 1, 0, 2, 0, 0, 0, 2, 0, 2, 0], [0, 1, 1, 1, 2, 2, 2, 2, 2, 2, 0], [0, 0, 0, 1, 0, 1, 0, 2, 1, 1, 0], [0, 1, 5, 1, 0, 1, 0, 2, 2, 2, 0], [0, 1, 0, 1, 1, 1, 1, 2, 0, 2, 0], [0, 1, 0, 0, 0, 1, 0, 0, 0, 2, 0], [0, 1, 1, 1, 1, 1, 2, 2, 2, 2, 0], [0, 0, 0, 0, 0, 0, 0, 0, 0, 0, 0]]"
2026-05-25T12:58:17.648879,0,East,184.0,False,False,False,"[[0, 0, 0, 0, 0, 0, 0, 0, 0, 0, 0], [0, 2, 2, 4, 2, 2, 2, 2, 2, 3, 0], [0, 2, 0, 0, 0, 4, 0, 0, 0, 2, 0], [0, 2, 0, 2, 2, 2, 2, 2, 0, 2, 0], [0, 2, 2, 2, 0, 2, 0, 2, 2, 2, 0], [0, 0, 0, 2, 0, 2, 0, 2, 1, 1, 0], [0, 2, 2, 2, 2, 2, 2, 2, 2, 2, 0], [0, 2, 0, 2, 0, 0, 0, 2, 0, 2, 0], [0, 2, 0, 2, 0, 1, 0, 2, 0, 2, 0], [0, 1, 2, 2, 0, 1, 1, 2, 2, 2, 0], [0, 1, 2, 2, 0, 1, 1, 2, 2, 2, 0], [0, 1, 0, 2, 0, 1, 0, 2, 0, 2, 0], [0, 1, 0, 2, 0, 0, 0, 2, 0, 2, 0], [0, 1, 1, 1, 2, 2, 2, 2, 2, 2, 0], [0, 0, 0, 1, 0, 1, 0, 2, 1, 1, 0], [0, 1, 1, 5, 0, 1, 0, 2, 2, 2, 0], [0, 1, 0, 1, 1, 1, 1, 2, 0, 2, 0], [0, 1, 0, 0, 0, 1, 0, 0, 0, 2, 0], [0, 1, 1, 1, 1, 1, 2, 2, 2, 2, 0], [0, 0, 0, 0, 0, 0, 0, 0, 0, 0, 0]]"
2026-05-25T12:58:17.760445,0,North,183.0,False,False,False,"[[0, 0, 0, 0, 0, 0, 0, 0, 0, 0, 0], [0, 2, 4, 2, 2, 2, 2, 2, 2, 3, 0], [0, 2, 0, 0, 0, 4, 0, 0, 0, 2, 0], [0, 2, 0, 2, 2, 2, 2, 2, 0, 2, 0], [0, 2, 2, 2, 0, 2, 0, 2, 2, 2, 0], [0, 0, 0, 2, 0, 2, 0, 2, 1, 1, 0], [0, 2, 2, 2, 2, 2, 2, 2, 2, 2, 0], [0, 2, 0, 2, 0, 0, 0, 2, 0, 2, 0], [0, 2, 0, 2, 0, 1, 0, 2, 0, 2, 0], [0, 1, 2, 2, 0, 1, 1, 2, 2, 2, 0], [0, 1, 2, 2, 0, 1, 1, 2, 2, 2, 0], [0, 1, 0, 2, 0, 1, 0, 2, 0, 2, 0], [0, 1, 0, 2, 0, 0, 0, 2, 0, 2, 0], [0, 1, 1, 1, 2, 2, 2, 2, 2, 2, 0], [0, 0, 0, 1, 0, 1, 0, 2, 1, 1, 0], [0, 1, 1, 1, 0, 1, 0, 2, 2, 2, 0], [0, 1, 0, 5, 1, 1, 1, 2, 0, 2, 0], [0, 1, 0, 0, 0, 1, 0, 0, 0, 2, 0], [0, 1, 1, 1, 1, 1, 2, 2, 2, 2, 0], [0, 0, 0, 0, 0, 0, 0, 0, 0, 0, 0]]"
2026-05-25T12:58:17.870378,0,South,182.0,False,False,False,"[[0, 0, 0, 0, 0, 0, 0, 0, 0, 0, 0], [0, 2, 4, 2, 2, 2, 2, 2, 2, 3, 0], [0, 2, 0, 0, 0, 2, 0, 0, 0, 2, 0], [0, 2, 0, 2, 2, 4, 2, 2, 0, 2, 0], [0, 2, 2, 2, 0, 2, 0, 2, 2, 2, 0], [0, 0, 0, 2, 0, 2, 0, 2, 1, 1, 0], [0, 2, 2, 2, 2, 2, 2, 2, 2, 2, 0], [0, 2, 0, 2, 0, 0, 0, 2, 0, 2, 0], [0, 2, 0, 2, 0, 1, 0, 2, 0, 2, 0], [0, 1, 2, 2, 0, 1, 1, 2, 2, 2, 0], [0, 1, 2, 2, 0, 1, 1, 2, 2, 2, 0], [0, 1, 0, 2, 0, 1, 0, 2, 0, 2, 0], [0, 1, 0, 2, 0, 0, 0, 2, 0, 2, 0], [0, 1, 1, 1, 2, 2, 2, 2, 2, 2, 0], [0, 0, 0, 1, 0, 1, 0, 2, 1, 1, 0], [0, 1, 1, 1, 0, 1, 0, 2, 2, 2, 0], [0, 1, 0, 1, 5, 1, 1, 2, 0, 2, 0], [0, 1, 0, 0, 0, 1, 0, 0, 0, 2, 0], [0, 1, 1, 1, 1, 1, 2, 2, 2, 2, 0], [0, 0, 0, 0, 0, 0, 0, 0, 0, 0, 0]]"
2026-05-25T12:58:17.990103,0,North,181.0,False,False,False,"[[0, 0, 0, 0, 0, 0, 0, 0, 0, 0, 0], [0, 4, 2, 2, 2, 2, 2, 2, 2, 3, 0], [0, 2, 0, 0, 0, 2, 0, 0, 0, 2, 0], [0, 2, 0, 2, 4, 2, 2, 2, 0, 2, 0], [0, 2, 2, 2, 0, 2, 0, 2, 2, 2, 0], [0, 0, 0, 2, 0, 2, 0, 2, 1, 1, 0], [0, 2, 2, 2, 2, 2, 2, 2, 2, 2, 0], [0, 2, 0, 2, 0, 0, 0, 2, 0, 2, 0], [0, 2, 0, 2, 0, 1, 0, 2, 0, 2, 0], [0, 1, 2, 2, 0, 1, 1, 2, 2, 2, 0], [0, 1, 2, 2, 0, 1, 1, 2, 2, 2, 0], [0, 1, 0, 2, 0, 1, 0, 2, 0, 2, 0], [0, 1, 0, 2, 0, 0, 0, 2, 0, 2, 0], [0, 1, 1, 1, 2, 2, 2, 2, 2, 2, 0], [0, 0, 0, 1, 0, 1, 0, 2, 1, 1, 0], [0, 1, 1, 1, 0, 1, 0, 2, 2, 2, 0], [0, 1, 0, 5, 1, 1, 1, 2, 0, 2, 0], [0, 1, 0, 0, 0, 1, 0, 0, 0, 2, 0], [0, 1, 1, 1, 1, 1, 2, 2, 2, 2, 0], [0, 0, 0, 0, 0, 0, 0, 0, 0, 0, 0]]"
2026-05-25T12:58:18.099488,0,South,180.0,False,False,False,"[[0, 0, 0, 0, 0, 0, 0, 0, 0, 0, 0], [0, 4, 2, 2, 2, 2, 2, 2, 2, 3, 0], [0, 2, 0, 0, 0, 2, 0, 0, 0, 2, 0], [0, 2, 0, 2, 4, 2, 2, 2, 0, 2, 0], [0, 2, 2, 2, 0, 2, 0, 2, 2, 2, 0], [0, 0, 0, 2, 0, 2, 0, 2, 1, 1, 0], [0, 2, 2, 2, 2, 2, 2, 2, 2, 2, 0], [0, 2, 0, 2, 0, 0, 0, 2, 0, 2, 0], [0, 2, 0, 2, 0, 1, 0, 2, 0, 2, 0], [0, 1, 2, 2, 0, 1, 1, 2, 2, 2, 0], [0, 1, 2, 2, 0, 1, 1, 2, 2, 2, 0], [0, 1, 0, 2, 0, 1, 0, 2, 0, 2, 0], [0, 1, 0, 2, 0, 0, 0, 2, 0, 2, 0], [0, 1, 1, 1, 2, 2, 2, 2, 2, 2, 0], [0, 0, 0, 1, 0, 1, 0, 2, 1, 1, 0], [0, 1, 1, 1, 0, 1, 0, 2, 2, 2, 0], [0, 1, 0, 1, 5, 1, 1, 2, 0, 2, 0], [0, 1, 0, 0, 0, 1, 0, 0, 0, 2, 0], [0, 1, 1, 1, 1, 1, 2, 2, 2, 2, 0], [0, 0, 0, 0, 0, 0, 0, 0, 0, 0, 0]]"
2026-05-25T12:58:18.211527,0,North,179.0,False,False,False,"[[0, 0, 0, 0, 0, 0, 0, 0, 0, 0, 0], [0, 4, 2, 2, 2, 2, 2, 2, 2, 3, 0], [0, 2, 0, 0, 0, 2, 0, 0, 0, 2, 0], [0, 2, 0, 4, 2, 2, 2, 2, 0, 2, 0], [0, 2, 2, 2, 0, 2, 0, 2, 2, 2, 0], [0, 0, 0, 2, 0, 2, 0, 2, 1, 1, 0], [0, 2, 2, 2, 2, 2, 2, 2, 2, 2, 0], [0, 2, 0, 2, 0, 0, 0, 2, 0, 2, 0], [0, 2, 0, 2, 0, 1, 0, 2, 0, 2, 0], [0, 1, 2, 2, 0, 1, 1, 2, 2, 2, 0], [0, 1, 2, 2, 0, 1, 1, 2, 2, 2, 0], [0, 1, 0, 2, 0, 1, 0, 2, 0, 2, 0], [0, 1, 0, 2, 0, 0, 0, 2, 0, 2, 0], [0, 1, 1, 1, 2, 2, 2, 2, 2, 2, 0], [0, 0, 0, 1, 0, 1, 0, 2, 1, 1, 0], [0, 1, 1, 1, 0, 1, 0, 2, 2, 2, 0], [0, 1, 0, 5, 1, 1, 1, 2, 0, 2, 0], [0, 1, 0, 0, 0, 1, 0, 0, 0, 2, 0], [0, 1, 1, 1, 1, 1, 2, 2, 2, 2, 0], [0, 0, 0, 0, 0, 0, 0, 0, 0, 0, 0]]"
2026-05-25T12:58:18.363203,0,North,178.0,False,False,False,"[[0, 0, 0, 0, 0, 0, 0, 0, 0, 0, 0], [0, 2, 2, 2, 2, 2, 2, 2, 2, 3, 0], [0, 4, 0, 0, 0, 2, 0, 0, 0, 2, 0], [0, 2, 0, 4, 2, 2, 2, 2, 0, 2, 0], [0, 2, 2, 2, 0, 2, 0, 2, 2, 2, 0], [0, 0, 0, 2, 0, 2, 0, 2, 1, 1, 0], [0, 2, 2, 2, 2, 2, 2, 2, 2, 2, 0], [0, 2, 0, 2, 0, 0, 0, 2, 0, 2, 0], [0, 2, 0, 2, 0, 1, 0, 2, 0, 2, 0], [0, 1, 2, 2, 0, 1, 1, 2, 2, 2, 0], [0, 1, 2, 2, 0, 1, 1, 2, 2, 2, 0], [0, 1, 0, 2, 0, 1, 0, 2, 0, 2, 0], [0, 1, 0, 2, 0, 0, 0, 2, 0, 2, 0], [0, 1, 1, 1, 2, 2, 2, 2, 2, 2, 0], [0, 0, 0, 1, 0, 1, 0, 2, 1, 1, 0], [0, 1, 1, 1, 0, 1, 0, 2, 2, 2, 0], [0, 1, 0, 1, 5, 1, 1, 2, 0, 2, 0], [0, 1, 0, 0, 0, 1, 0, 0, 0, 2, 0], [0, 1, 1, 1, 1, 1, 2, 2, 2, 2, 0], [0, 0, 0, 0, 0, 0, 0, 0, 0, 0, 0]]"
2026-05-25T12:58:18.546336,0,West,177.0,False,False,False,"[[0, 0, 0, 0, 0, 0, 0, 0, 0, 0, 0], [0, 2, 2, 2, 2, 2, 2, 2, 2, 3, 0], [0, 2, 0, 0, 0, 2, 0, 0, 0, 2, 0], [0, 4, 0, 2, 2, 2, 2, 2, 0, 2, 0], [0, 2, 2, 4, 0, 2, 0, 2, 2, 2, 0], [0, 0, 0, 2, 0, 2, 0, 2, 1, 1, 0], [0, 2, 2, 2, 2, 2, 2, 2, 2, 2, 0], [0, 2, 0, 2, 0, 0, 0, 2, 0, 2, 0], [0, 2, 0, 2, 0, 1, 0, 2, 0, 2, 0], [0, 1, 2, 2, 0, 1, 1, 2, 2, 2, 0], [0, 1, 2, 2, 0, 1, 1, 2, 2, 2, 0], [0, 1, 0, 2, 0, 1, 0, 2, 0, 2, 0], [0, 1, 0, 2, 0, 0, 0, 2, 0, 2, 0], [0, 1, 1, 1, 2, 2, 2, 2, 2, 2, 0], [0, 0, 0, 1, 0, 1, 0, 2, 1, 1, 0], [0, 1, 1, 1, 0, 1, 0, 2, 2, 2, 0], [0, 1, 0, 1, 1, 5, 1, 2, 0, 2, 0], [0, 1, 0, 0, 0, 1, 0, 0, 0, 2, 0], [0, 1, 1, 1, 1, 1, 2, 2, 2, 2, 0], [0, 0, 0, 0, 0, 0, 0, 0, 0, 0, 0]]"
2026-05-25T12:58:18.744374,0,West,176.0,False,False,False,"[[0, 0, 0, 0, 0, 0, 0, 0, 0, 0, 0], [0, 2, 2, 2, 2, 2, 2, 2, 2, 3, 0], [0, 2, 0, 0, 0, 2, 0, 0, 0, 2, 0], [0, 2, 0, 2, 2, 2, 2, 2, 0, 2, 0], [0, 4, 2, 2, 0, 2, 0, 2, 2, 2, 0], [0, 0, 0, 4, 0, 2, 0, 2, 1, 1, 0], [0, 2, 2, 2, 2, 2, 2, 2, 2, 2, 0], [0, 2, 0, 2, 0, 0, 0, 2, 0, 2, 0], [0, 2, 0, 2, 0, 1, 0, 2, 0, 2, 0], [0, 1, 2, 2, 0, 1, 1, 2, 2, 2, 0], [0, 1, 2, 2, 0, 1, 1, 2, 2, 2, 0], [0, 1, 0, 2, 0, 1, 0, 2, 0, 2, 0], [0, 1, 0, 2, 0, 0, 0, 2, 0, 2, 0], [0, 1, 1, 1, 2, 2, 2, 2, 2, 2, 0], [0, 0, 0, 1, 0, 1, 0, 2, 1, 1, 0], [0, 1, 1, 1, 0, 5, 0, 2, 2, 2, 0], [0, 1, 0, 1, 1, 1, 1, 2, 0, 2, 0], [0, 1, 0, 0, 0, 1, 0, 0, 0, 2, 0], [0, 1, 1, 1, 1, 1, 2, 2, 2, 2, 0], [0, 0, 0, 0, 0, 0, 0, 0, 0, 0, 0]]"
2026-05-25T12:58:18.945343,0,West,175.0,False,False,False,"[[0, 0, 0, 0, 0, 0, 0, 0, 0, 0, 0], [0, 2, 2, 2, 2, 2, 2, 2, 2, 3, 0], [0, 2, 0, 0, 0, 2, 0, 0, 0, 2, 0], [0, 2, 0, 2, 2, 2, 2, 2, 0, 2, 0], [0, 2, 4, 2, 0, 2, 0, 2, 2, 2, 0], [0, 0, 0, 2, 0, 2, 0, 2, 1, 1, 0], [0, 2, 2, 4, 2, 2, 2, 2, 2, 2, 0], [0, 2, 0, 2, 0, 0, 0, 2, 0, 2, 0], [0, 2, 0, 2, 0, 1, 0, 2, 0, 2, 0], [0, 1, 2, 2, 0, 1, 1, 2, 2, 2, 0], [0, 1, 2, 2, 0, 1, 1, 2, 2, 2, 0], [0, 1, 0, 2, 0, 1, 0, 2, 0, 2, 0], [0, 1, 0, 2, 0, 0, 0, 2, 0, 2, 0], [0, 1, 1, 1, 2, 2, 2, 2, 2, 2, 0], [0, 0, 0, 1, 0, 5, 0, 2, 1, 1, 0], [0, 1, 1, 1, 0, 1, 0, 2, 2, 2, 0], [0, 1, 0, 1, 1, 1, 1, 2, 0, 2, 0], [0, 1, 0, 0, 0, 1, 0, 0, 0, 2, 0], [0, 1, 1, 1, 1, 1, 2, 2, 2, 2, 0], [0, 0, 0, 0, 0, 0, 0, 0, 0, 0, 0]]"
2026-05-25T12:58:19.128852,0,South,184.0,False,False,False,"[[0, 0, 0, 0, 0, 0, 0, 0, 0, 0, 0], [0, 2, 2, 2, 2, 2, 2, 2, 2, 3, 0], [0, 2, 0, 0, 0, 2, 0, 0, 0, 2, 0], [0, 2, 0, 2, 2, 2, 2, 2, 0, 2, 0], [0, 2, 2, 4, 0, 2, 0, 2, 2, 2, 0], [0, 0, 0, 2, 0, 2, 0, 2, 1, 1, 0], [0, 2, 2, 2, 2, 2, 2, 2, 2, 2, 0], [0, 2, 0, 4, 0, 0, 0, 2, 0, 2, 0], [0, 2, 0, 2, 0, 1, 0, 2, 0, 2, 0], [0, 1, 2, 2, 0, 1, 1, 2, 2, 2, 0], [0, 1, 2, 2, 0, 1, 1, 2, 2, 2, 0], [0, 1, 0, 2, 0, 1, 0, 2, 0, 2, 0], [0, 1, 0, 2, 0, 0, 0, 2, 0, 2, 0], [0, 1, 1, 1, 2, 5, 2, 2, 2, 2, 0], [0, 0, 0, 1, 0, 1, 0, 2, 1, 1, 0], [0, 1, 1, 1, 0, 1, 0, 2, 2, 2, 0], [0, 1, 0, 1, 1, 1, 1, 2, 0, 2, 0], [0, 1, 0, 0, 0, 1, 0, 0, 0, 2, 0], [0, 1, 1, 1, 1, 1, 2, 2, 2, 2, 0], [0, 0, 0, 0, 0, 0, 0, 0, 0, 0, 0]]"
2026-05-25T12:58:19.312858,0,South,193.0,False,False,False,"[[0, 0, 0, 0, 0, 0, 0, 0, 0, 0, 0], [0, 2, 2, 2, 2, 2, 2, 2, 2, 3, 0], [0, 2, 0, 0, 0, 2, 0, 0, 0, 2, 0], [0, 2, 0, 2, 2, 2, 2, 2, 0, 2, 0], [0, 2, 2, 2, 0, 2, 0, 2, 2, 2, 0], [0, 0, 0, 4, 0, 2, 0, 2, 1, 1, 0], [0, 2, 2, 2, 2, 2, 2, 2, 2, 2, 0], [0, 2, 0, 2, 0, 0, 0, 2, 0, 2, 0], [0, 2, 0, 4, 0, 1, 0, 2, 0, 2, 0], [0, 1, 2, 2, 0, 1, 1, 2, 2, 2, 0], [0, 1, 2, 2, 0, 1, 1, 2, 2, 2, 0], [0, 1, 0, 2, 0, 1, 0, 2, 0, 2, 0], [0, 1, 0, 2, 0, 0, 0, 2, 0, 2, 0], [0, 1, 1, 1, 5, 1, 2, 2, 2, 2, 0], [0, 0, 0, 1, 0, 1, 0, 2, 1, 1, 0], [0, 1, 1, 1, 0, 1, 0, 2, 2, 2, 0], [0, 1, 0, 1, 1, 1, 1, 2, 0, 2, 0], [0, 1, 0, 0, 0, 1, 0, 0, 0, 2, 0], [0, 1, 1, 1, 1, 1, 2, 2, 2, 2, 0], [0, 0, 0, 0, 0, 0, 0, 0, 0, 0, 0]]"
2026-05-25T12:58:19.466864,0,North,192.0,False,False,False,"[[0, 0, 0, 0, 0, 0, 0, 0, 0, 0, 0], [0, 2, 2, 2, 2, 2, 2, 2, 2, 3, 0], [0, 2, 0, 0, 0, 2, 0, 0, 0, 2, 0], [0, 2, 0, 2, 2, 2, 2, 2, 0, 2, 0], [0, 2, 2, 2, 0, 2, 0, 2, 2, 2, 0], [0, 0, 0, 2, 0, 2, 0, 2, 1, 1, 0], [0, 2, 2, 4, 2, 2, 2, 2, 2, 2, 0], [0, 2, 0, 2, 0, 0, 0, 2, 0, 2, 0], [0, 2, 0, 2, 0, 1, 0, 2, 0, 2, 0], [0, 1, 2, 4, 0, 1, 1, 2, 2, 2, 0], [0, 1, 2, 2, 0, 1, 1, 2, 2, 2, 0], [0, 1, 0, 2, 0, 1, 0, 2, 0, 2, 0], [0, 1, 0, 2, 0, 0, 0, 2, 0, 2, 0], [0, 1, 1, 5, 1, 1, 2, 2, 2, 2, 0], [0, 0, 0, 1, 0, 1, 0, 2, 1, 1, 0], [0, 1, 1, 1, 0, 1, 0, 2, 2, 2, 0], [0, 1, 0, 1, 1, 1, 1, 2, 0, 2, 0], [0, 1, 0, 0, 0, 1, 0, 0, 0, 2, 0], [0, 1, 1, 1, 1, 1, 2, 2, 2, 2, 0], [0, 0, 0, 0, 0, 0, 0, 0, 0, 0, 0]]"
2026-05-25T12:58:19.576876,0,North,191.0,False,False,False,"[[0, 0, 0, 0, 0, 0, 0, 0, 0, 0, 0], [0, 2, 2, 2, 2, 2, 2, 2, 2, 3, 0], [0, 2, 0, 0, 0, 2, 0, 0, 0, 2, 0], [0, 2, 0, 2, 2, 2, 2, 2, 0, 2, 0], [0, 2, 2, 2, 0, 2, 0, 2, 2, 2, 0], [0, 0, 0, 2, 0, 2, 0, 2, 1, 1, 0], [0, 2, 2, 2, 2, 2, 2, 2, 2, 2, 0], [0, 2, 0, 4, 0, 0, 0, 2, 0, 2, 0], [0, 2, 0, 2, 0, 1, 0, 2, 0, 2, 0], [0, 1, 2, 2, 0, 1, 1, 2, 2, 2, 0], [0, 1, 2, 4, 0, 1, 1, 2, 2, 2, 0], [0, 1, 0, 2, 0, 1, 0, 2, 0, 2, 0], [0, 1, 0, 2, 0, 0, 0, 2, 0, 2, 0], [0, 1, 1, 1, 5, 1, 2, 2, 2, 2, 0], [0, 0, 0, 1, 0, 1, 0, 2, 1, 1, 0], [0, 1, 1, 1, 0, 1, 0, 2, 2, 2, 0], [0, 1, 0, 1, 1, 1, 1, 2, 0, 2, 0], [0, 1, 0, 0, 0, 1, 0, 0, 0, 2, 0], [0, 1, 1, 1, 1, 1, 2, 2, 2, 2, 0], [0, 0, 0, 0, 0, 0, 0, 0, 0, 0, 0]]"
2026-05-25T12:58:19.688731,0,North,190.0,False,False,False,"[[0, 0, 0, 0, 0, 0, 0, 0, 0, 0, 0], [0, 2, 2, 2, 2, 2, 2, 2, 2, 3, 0], [0, 2, 0, 0, 0, 2, 0, 0, 0, 2, 0], [0, 2, 0, 2, 2, 2, 2, 2, 0, 2, 0], [0, 2, 2, 2, 0, 2, 0, 2, 2, 2, 0], [0, 0, 0, 2, 0, 2, 0, 2, 1, 1, 0], [0, 2, 2, 2, 2, 2, 2, 2, 2, 2, 0], [0, 2, 0, 2, 0, 0, 0, 2, 0, 2, 0], [0, 2, 0, 4, 0, 1, 0, 2, 0, 2, 0], [0, 1, 2, 2, 0, 1, 1, 2, 2, 2, 0], [0, 1, 2, 2, 0, 1, 1, 2, 2, 2, 0], [0, 1, 0, 4, 0, 1, 0, 2, 0, 2, 0], [0, 1, 0, 2, 0, 0, 0, 2, 0, 2, 0], [0, 1, 1, 1, 1, 5, 2, 2, 2, 2, 0], [0, 0, 0, 1, 0, 1, 0, 2, 1, 1, 0], [0, 1, 1, 1, 0, 1, 0, 2, 2, 2, 0], [0, 1, 0, 1, 1, 1, 1, 2, 0, 2, 0], [0, 1, 0, 0, 0, 1, 0, 0, 0, 2, 0], [0, 1, 1, 1, 1, 1, 2, 2, 2, 2, 0], [0, 0, 0, 0, 0, 0, 0, 0, 0, 0, 0]]"
2026-05-25T12:58:19.800403,0,North,199.0,False,False,False,"[[0, 0, 0, 0, 0, 0, 0, 0, 0, 0, 0], [0, 2, 2, 2, 2, 2, 2, 2, 2, 3, 0], [0, 2, 0, 0, 0, 2, 0, 0, 0, 2, 0], [0, 2, 0, 2, 2, 2, 2, 2, 0, 2, 0], [0, 2, 2, 2, 0, 2, 0, 2, 2, 2, 0], [0, 0, 0, 2, 0, 2, 0, 2, 1, 1, 0], [0, 2, 2, 2, 2, 2, 2, 2, 2, 2, 0], [0, 2, 0, 2, 0, 0, 0, 2, 0, 2, 0], [0, 2, 0, 2, 0, 1, 0, 2, 0, 2, 0], [0, 1, 2, 4, 0, 1, 1, 2, 2, 2, 0], [0, 1, 2, 2, 0, 1, 1, 2, 2, 2, 0], [0, 1, 0, 2, 0, 1, 0, 2, 0, 2, 0], [0, 1, 0, 4, 0, 0, 0, 2, 0, 2, 0], [0, 1, 1, 1, 1, 1, 5, 2, 2, 2, 0], [0, 0, 0, 1, 0, 1, 0, 2, 1, 1, 0], [0, 1, 1, 1, 0, 1, 0, 2, 2, 2, 0], [0, 1, 0, 1, 1, 1, 1, 2, 0, 2, 0], [0, 1, 0, 0, 0, 1, 0, 0, 0, 2, 0], [0, 1, 1, 1, 1, 1, 2, 2, 2, 2, 0], [0, 0, 0, 0, 0, 0, 0, 0, 0, 0, 0]]"
2026-05-25T12:58:19.914730,0,West,208.0,False,False,False,"[[0, 0, 0, 0, 0, 0, 0, 0, 0, 0, 0], [0, 2, 2, 2, 2, 2, 2, 2, 2, 3, 0], [0, 2, 0, 0, 0, 2, 0, 0, 0, 2, 0], [0, 2, 0, 2, 2, 2, 2, 2, 0, 2, 0], [0, 2, 2, 2, 0, 2, 0, 2, 2, 2, 0], [0, 0, 0, 2, 0, 2, 0, 2, 1, 1, 0], [0, 2, 2, 2, 2, 2, 2, 2, 2, 2, 0], [0, 2, 0, 2, 0, 0, 0, 2, 0, 2, 0], [0, 2, 0, 2, 0, 1, 0, 2, 0, 2, 0], [0, 1, 2, 2, 0, 1, 1, 2, 2, 2, 0], [0, 1, 2, 4, 0, 1, 1, 2, 2, 2, 0], [0, 1, 0, 2, 0, 1, 0, 2, 0, 2, 0], [0, 1, 0, 2, 0, 0, 0, 2, 0, 2, 0], [0, 1, 1, 4, 1, 1, 1, 5, 2, 2, 0], [0, 0, 0, 1, 0, 1, 0, 2, 1, 1, 0], [0, 1, 1, 1, 0, 1, 0, 2, 2, 2, 0], [0, 1, 0, 1, 1, 1, 1, 2, 0, 2, 0], [0, 1, 0, 0, 0, 1, 0, 0, 0, 2, 0], [0, 1, 1, 1, 1, 1, 2, 2, 2, 2, 0], [0, 0, 0, 0, 0, 0, 0, 0, 0, 0, 0]]"
2026-05-25T12:58:20.063440,0,West,217.0,False,False,False,"[[0, 0, 0, 0, 0, 0, 0, 0, 0, 0, 0], [0, 2, 2, 2, 2, 2, 2, 2, 2, 3, 0], [0, 2, 0, 0, 0, 2, 0, 0, 0, 2, 0], [0, 2, 0, 2, 2, 2, 2, 2, 0, 2, 0], [0, 2, 2, 2, 0, 2, 0, 2, 2, 2, 0], [0, 0, 0, 2, 0, 2, 0, 2, 1, 1, 0], [0, 2, 2, 2, 2, 2, 2, 2, 2, 2, 0], [0, 2, 0, 2, 0, 0, 0, 2, 0, 2, 0], [0, 2, 0, 2, 0, 1, 0, 2, 0, 2, 0], [0, 1, 2, 2, 0, 1, 1, 2, 2, 2, 0], [0, 1, 2, 2, 0, 1, 1, 2, 2, 2, 0], [0, 1, 0, 4, 0, 1, 0, 2, 0, 2, 0], [0, 1, 0, 2, 0, 0, 0, 5, 0, 2, 0], [0, 1, 1, 1, 4, 1, 1, 1, 2, 2, 0], [0, 0, 0, 1, 0, 1, 0, 2, 1, 1, 0], [0, 1, 1, 1, 0, 1, 0, 2, 2, 2, 0], [0, 1, 0, 1, 1, 1, 1, 2, 0, 2, 0], [0, 1, 0, 0, 0, 1, 0, 0, 0, 2, 0], [0, 1, 1, 1, 1, 1, 2, 2, 2, 2, 0], [0, 0, 0, 0, 0, 0, 0, 0, 0, 0, 0]]"
2026-05-25T12:58:20.228529,0,West,226.0,False,False,False,"[[0, 0, 0, 0, 0, 0, 0, 0, 0, 0, 0], [0, 2, 2, 2, 2, 2, 2, 2, 2, 3, 0], [0, 2, 0, 0, 0, 2, 0, 0, 0, 2, 0], [0, 2, 0, 2, 2, 2, 2, 2, 0, 2, 0], [0, 2, 2, 2, 0, 2, 0, 2, 2, 2, 0], [0, 0, 0, 2, 0, 2, 0, 2, 1, 1, 0], [0, 2, 2, 2, 2, 2, 2, 2, 2, 2, 0], [0, 2, 0, 2, 0, 0, 0, 2, 0, 2, 0], [0, 2, 0, 2, 0, 1, 0, 2, 0, 2, 0], [0, 1, 2, 2, 0, 1, 1, 2, 2, 2, 0], [0, 1, 2, 2, 0, 1, 1, 2, 2, 2, 0], [0, 1, 0, 2, 0, 1, 0, 5, 0, 2, 0], [0, 1, 0, 4, 0, 0, 0, 1, 0, 2, 0], [0, 1, 1, 1, 1, 4, 1, 1, 2, 2, 0], [0, 0, 0, 1, 0, 1, 0, 2, 1, 1, 0], [0, 1, 1, 1, 0, 1, 0, 2, 2, 2, 0], [0, 1, 0, 1, 1, 1, 1, 2, 0, 2, 0], [0, 1, 0, 0, 0, 1, 0, 0, 0, 2, 0], [0, 1, 1, 1, 1, 1, 2, 2, 2, 2, 0], [0, 0, 0, 0, 0, 0, 0, 0, 0, 0, 0]]"
2026-05-25T12:58:20.415737,0,West,235.0,False,False,False,"[[0, 0, 0, 0, 0, 0, 0, 0, 0, 0, 0], [0, 2, 2, 2, 2, 2, 2, 2, 2, 3, 0], [0, 2, 0, 0, 0, 2, 0, 0, 0, 2, 0], [0, 2, 0, 2, 2, 2, 2, 2, 0, 2, 0], [0, 2, 2, 2, 0, 2, 0, 2, 2, 2, 0], [0, 0, 0, 2, 0, 2, 0, 2, 1, 1, 0], [0, 2, 2, 2, 2, 2, 2, 2, 2, 2, 0], [0, 2, 0, 2, 0, 0, 0, 2, 0, 2, 0], [0, 2, 0, 2, 0, 1, 0, 2, 0, 2, 0], [0, 1, 2, 2, 0, 1, 1, 2, 2, 2, 0], [0, 1, 2, 2, 0, 1, 1, 5, 2, 2, 0], [0, 1, 0, 2, 0, 1, 0, 1, 0, 2, 0], [0, 1, 0, 2, 0, 0, 0, 1, 0, 2, 0], [0, 1, 1, 4, 1, 1, 4, 1, 2, 2, 0], [0, 0, 0, 1, 0, 1, 0, 2, 1, 1, 0], [0, 1, 1, 1, 0, 1, 0, 2, 2, 2, 0], [0, 1, 0, 1, 1, 1, 1, 2, 0, 2, 0], [0, 1, 0, 0, 0, 1, 0, 0, 0, 2, 0], [0, 1, 1, 1, 1, 1, 2, 2, 2, 2, 0], [0, 0, 0, 0, 0, 0, 0, 0, 0, 0, 0]]"
2026-05-25T12:58:20.596035,0,South,244.0,False,False,False,"[[0, 0, 0, 0, 0, 0, 0, 0, 0, 0, 0], [0, 2, 2, 2, 2, 2, 2, 2, 2, 3, 0], [0, 2, 0, 0, 0, 2, 0, 0, 0, 2, 0], [0, 2, 0, 2, 2, 2, 2, 2, 0, 2, 0], [0, 2, 2, 2, 0, 2, 0, 2, 2, 2, 0], [0, 0, 0, 2, 0, 2, 0, 2, 1, 1, 0], [0, 2, 2, 2, 2, 2, 2, 2, 2, 2, 0], [0, 2, 0, 2, 0, 0, 0, 2, 0, 2, 0], [0, 2, 0, 2, 0, 1, 0, 2, 0, 2, 0], [0, 1, 2, 2, 0, 1, 1, 5, 2, 2, 0], [0, 1, 2, 2, 0, 1, 1, 1, 2, 2, 0], [0, 1, 0, 2, 0, 1, 0, 1, 0, 2, 0], [0, 1, 0, 2, 0, 0, 0, 1, 0, 2, 0], [0, 1, 1, 1, 4, 1, 1, 4, 2, 2, 0], [0, 0, 0, 1, 0, 1, 0, 2, 1, 1, 0], [0, 1, 1, 1, 0, 1, 0, 2, 2, 2, 0], [0, 1, 0, 1, 1, 1, 1, 2, 0, 2, 0], [0, 1, 0, 0, 0, 1, 0, 0, 0, 2, 0], [0, 1, 1, 1, 1, 1, 2, 2, 2, 2, 0], [0, 0, 0, 0, 0, 0, 0, 0, 0, 0, 0]]"
2026-05-25T12:58:20.761761,0,South,243.0,False,False,False,"[[0, 0, 0, 0, 0, 0, 0, 0, 0, 0, 0], [0, 2, 2, 2, 2, 2, 2, 2, 2, 3, 0], [0, 2, 0, 0, 0, 2, 0, 0, 0, 2, 0], [0, 2, 0, 2, 2, 2, 2, 2, 0, 2, 0], [0, 2, 2, 2, 0, 2, 0, 2, 2, 2, 0], [0, 0, 0, 2, 0, 2, 0, 2, 1, 1, 0], [0, 2, 2, 2, 2, 2, 2, 2, 2, 2, 0], [0, 2, 0, 2, 0, 0, 0, 2, 0, 2, 0], [0, 2, 0, 2, 0, 1, 0, 2, 0, 2, 0], [0, 1, 2, 2, 0, 1, 5, 1, 2, 2, 0], [0, 1, 2, 2, 0, 1, 1, 1, 2, 2, 0], [0, 1, 0, 2, 0, 1, 0, 1, 0, 2, 0], [0, 1, 0, 2, 0, 0, 0, 4, 0, 2, 0], [0, 1, 1, 1, 1, 4, 1, 1, 2, 2, 0], [0, 0, 0, 1, 0, 1, 0, 2, 1, 1, 0], [0, 1, 1, 1, 0, 1, 0, 2, 2, 2, 0], [0, 1, 0, 1, 1, 1, 1, 2, 0, 2, 0], [0, 1, 0, 0, 0, 1, 0, 0, 0, 2, 0], [0, 1, 1, 1, 1, 1, 2, 2, 2, 2, 0], [0, 0, 0, 0, 0, 0, 0, 0, 0, 0, 0]]"
2026-05-25T12:58:20.907752,0,West,242.0,False,False,False,"[[0, 0, 0, 0, 0, 0, 0, 0, 0, 0, 0], [0, 2, 2, 2, 2, 2, 2, 2, 2, 3, 0], [0, 2, 0, 0, 0, 2, 0, 0, 0, 2, 0], [0, 2, 0, 2, 2, 2, 2, 2, 0, 2, 0], [0, 2, 2, 2, 0, 2, 0, 2, 2, 2, 0], [0, 0, 0, 2, 0, 2, 0, 2, 1, 1, 0], [0, 2, 2, 2, 2, 2, 2, 2, 2, 2, 0], [0, 2, 0, 2, 0, 0, 0, 2, 0, 2, 0], [0, 2, 0, 2, 0, 1, 0, 2, 0, 2, 0], [0, 1, 2, 2, 0, 5, 1, 1, 2, 2, 0], [0, 1, 2, 2, 0, 1, 1, 1, 2, 2, 0], [0, 1, 0, 2, 0, 1, 0, 4, 0, 2, 0], [0, 1, 0, 2, 0, 0, 0, 1, 0, 2, 0], [0, 1, 1, 1, 1, 1, 1, 1, 2, 2, 0], [0, 0, 0, 1, 0, 4, 0, 2, 1, 1, 0], [0, 1, 1, 1, 0, 1, 0, 2, 2, 2, 0], [0, 1, 0, 1, 1, 1, 1, 2, 0, 2, 0], [0, 1, 0, 0, 0, 1, 0, 0, 0, 2, 0], [0, 1, 1, 1, 1, 1, 2, 2, 2, 2, 0], [0, 0, 0, 0, 0, 0, 0, 0, 0, 0, 0]]"
2026-05-25T12:58:21.047754,0,Stop,241.0,False,False,False,"[[0, 0, 0, 0, 0, 0, 0, 0, 0, 0, 0], [0, 2, 2, 2, 2, 2, 2, 2, 2, 3, 0], [0, 2, 0, 0, 0, 2, 0, 0, 0, 2, 0], [0, 2, 0, 2, 2, 2, 2, 2, 0, 2, 0], [0, 2, 2, 2, 0, 2, 0, 2, 2, 2, 0], [0, 0, 0, 2, 0, 2, 0, 2, 1, 1, 0], [0, 2, 2, 2, 2, 2, 2, 2, 2, 2, 0], [0, 2, 0, 2, 0, 0, 0, 2, 0, 2, 0], [0, 2, 0, 2, 0, 5, 0, 2, 0, 2, 0], [0, 1, 2, 2, 0, 1, 1, 1, 2, 2, 0], [0, 1, 2, 2, 0, 1, 1, 4, 2, 2, 0], [0, 1, 0, 2, 0, 1, 0, 1, 0, 2, 0], [0, 1, 0, 2, 0, 0, 0, 1, 0, 2, 0], [0, 1, 1, 1, 1, 1, 1, 1, 2, 2, 0], [0, 0, 0, 1, 0, 1, 0, 2, 1, 1, 0], [0, 1, 1, 1, 0, 4, 0, 2, 2, 2, 0], [0, 1, 0, 1, 1, 1, 1, 2, 0, 2, 0], [0, 1, 0, 0, 0, 1, 0, 0, 0, 2, 0], [0, 1, 1, 1, 1, 1, 2, 2, 2, 2, 0], [0, 0, 0, 0, 0, 0, 0, 0, 0, 0, 0]]"
2026-05-25T12:58:21.160408,0,East,240.0,False,False,False,"[[0, 0, 0, 0, 0, 0, 0, 0, 0, 0, 0], [0, 2, 2, 2, 2, 2, 2, 2, 2, 3, 0], [0, 2, 0, 0, 0, 2, 0, 0, 0, 2, 0], [0, 2, 0, 2, 2, 2, 2, 2, 0, 2, 0], [0, 2, 2, 2, 0, 2, 0, 2, 2, 2, 0], [0, 0, 0, 2, 0, 2, 0, 2, 1, 1, 0], [0, 2, 2, 2, 2, 2, 2, 2, 2, 2, 0], [0, 2, 0, 2, 0, 0, 0, 2, 0, 2, 0], [0, 2, 0, 2, 0, 5, 0, 2, 0, 2, 0], [0, 1, 2, 2, 0, 1, 1, 1, 2, 2, 0], [0, 1, 2, 2, 0, 1, 4, 1, 2, 2, 0], [0, 1, 0, 2, 0, 1, 0, 1, 0, 2, 0], [0, 1, 0, 2, 0, 0, 0, 1, 0, 2, 0], [0, 1, 1, 1, 1, 1, 1, 1, 2, 2, 0], [0, 0, 0, 1, 0, 1, 0, 2, 1, 1, 0], [0, 1, 1, 1, 0, 1, 0, 2, 2, 2, 0], [0, 1, 0, 1, 1, 4, 1, 2, 0, 2, 0], [0, 1, 0, 0, 0, 1, 0, 0, 0, 2, 0], [0, 1, 1, 1, 1, 1, 2, 2, 2, 2, 0], [0, 0, 0, 0, 0, 0, 0, 0, 0, 0, 0]]"
2026-05-25T12:58:21.276857,0,East,239.0,False,False,False,"[[0, 0, 0, 0, 0, 0, 0, 0, 0, 0, 0], [0, 2, 2, 2, 2, 2, 2, 2, 2, 3, 0], [0, 2, 0, 0, 0, 2, 0, 0, 0, 2, 0], [0, 2, 0, 2, 2, 2, 2, 2, 0, 2, 0], [0, 2, 2, 2, 0, 2, 0, 2, 2, 2, 0], [0, 0, 0, 2, 0, 2, 0, 2, 1, 1, 0], [0, 2, 2, 2, 2, 2, 2, 2, 2, 2, 0], [0, 2, 0, 2, 0, 0, 0, 2, 0, 2, 0], [0, 2, 0, 2, 0, 1, 0, 2, 0, 2, 0], [0, 1, 2, 2, 0, 5, 4, 1, 2, 2, 0], [0, 1, 2, 2, 0, 1, 1, 1, 2, 2, 0], [0, 1, 0, 2, 0, 1, 0, 1, 0, 2, 0], [0, 1, 0, 2, 0, 0, 0, 1, 0, 2, 0], [0, 1, 1, 1, 1, 1, 1, 1, 2, 2, 0], [0, 0, 0, 1, 0, 1, 0, 2, 1, 1, 0], [0, 1, 1, 1, 0, 1, 0, 2, 2, 2, 0], [0, 1, 0, 1, 1, 1, 4, 2, 0, 2, 0], [0, 1, 0, 0, 0, 1, 0, 0, 0, 2, 0], [0, 1, 1, 1, 1, 1, 2, 2, 2, 2, 0], [0, 0, 0, 0, 0, 0, 0, 0, 0, 0, 0]]"
2026-05-25T12:58:21.388243,0,North,238.0,False,False,False,"[[0, 0, 0, 0, 0, 0, 0, 0, 0, 0, 0], [0, 2, 2, 2, 2, 2, 2, 2, 2, 3, 0], [0, 2, 0, 0, 0, 2, 0, 0, 0, 2, 0], [0, 2, 0, 2, 2, 2, 2, 2, 0, 2, 0], [0, 2, 2, 2, 0, 2, 0, 2, 2, 2, 0], [0, 0, 0, 2, 0, 2, 0, 2, 1, 1, 0], [0, 2, 2, 2, 2, 2, 2, 2, 2, 2, 0], [0, 2, 0, 2, 0, 0, 0, 2, 0, 2, 0], [0, 2, 0, 2, 0, 1, 0, 2, 0, 2, 0], [0, 1, 2, 2, 0, 4, 1, 1, 2, 2, 0], [0, 1, 2, 2, 0, 5, 1, 1, 2, 2, 0], [0, 1, 0, 2, 0, 1, 0, 1, 0, 2, 0], [0, 1, 0, 2, 0, 0, 0, 1, 0, 2, 0], [0, 1, 1, 1, 1, 1, 1, 1, 2, 2, 0], [0, 0, 0, 1, 0, 1, 0, 2, 1, 1, 0], [0, 1, 1, 1, 0, 1, 0, 2, 2, 2, 0], [0, 1, 0, 1, 1, 1, 1, 4, 0, 2, 0], [0, 1, 0, 0, 0, 1, 0, 0, 0, 2, 0], [0, 1, 1, 1, 1, 1, 2, 2, 2, 2, 0], [0, 0, 0, 0, 0, 0, 0, 0, 0, 0, 0]]"
2026-05-25T12:58:21.500110,0,North,237.0,False,False,False,"[[0, 0, 0, 0, 0, 0, 0, 0, 0, 0, 0], [0, 2, 2, 2, 2, 2, 2, 2, 2, 3, 0], [0, 2, 0, 0, 0, 2, 0, 0, 0, 2, 0], [0, 2, 0, 2, 2, 2, 2, 2, 0, 2, 0], [0, 2, 2, 2, 0, 2, 0, 2, 2, 2, 0], [0, 0, 0, 2, 0, 2, 0, 2, 1, 1, 0], [0, 2, 2, 2, 2, 2, 2, 2, 2, 2, 0], [0, 2, 0, 2, 0, 0, 0, 2, 0, 2, 0], [0, 2, 0, 2, 0, 1, 0, 2, 0, 2, 0], [0, 1, 2, 2, 0, 1, 1, 1, 2, 2, 0], [0, 1, 2, 2, 0, 4, 5, 1, 2, 2, 0], [0, 1, 0, 2, 0, 1, 0, 1, 0, 2, 0], [0, 1, 0, 2, 0, 0, 0, 1, 0, 2, 0], [0, 1, 1, 1, 1, 1, 1, 1, 2, 2, 0], [0, 0, 0, 1, 0, 1, 0, 2, 1, 1, 0], [0, 1, 1, 1, 0, 1, 0, 4, 2, 2, 0], [0, 1, 0, 1, 1, 1, 1, 2, 0, 2, 0], [0, 1, 0, 0, 0, 1, 0, 0, 0, 2, 0], [0, 1, 1, 1, 1, 1, 2, 2, 2, 2, 0], [0, 0, 0, 0, 0, 0, 0, 0, 0, 0, 0]]"
2026-05-25T12:58:21.610778,0,West,236.0,False,False,False,"[[0, 0, 0, 0, 0, 0, 0, 0, 0, 0, 0], [0, 2, 2, 2, 2, 2, 2, 2, 2, 3, 0], [0, 2, 0, 0, 0, 2, 0, 0, 0, 2, 0], [0, 2, 0, 2, 2, 2, 2, 2, 0, 2, 0], [0, 2, 2, 2, 0, 2, 0, 2, 2, 2, 0], [0, 0, 0, 2, 0, 2, 0, 2, 1, 1, 0], [0, 2, 2, 2, 2, 2, 2, 2, 2, 2, 0], [0, 2, 0, 2, 0, 0, 0, 2, 0, 2, 0], [0, 2, 0, 2, 0, 1, 0, 2, 0, 2, 0], [0, 1, 2, 2, 0, 1, 1, 1, 2, 2, 0], [0, 1, 2, 2, 0, 1, 1, 5, 2, 2, 0], [0, 1, 0, 2, 0, 4, 0, 1, 0, 2, 0], [0, 1, 0, 2, 0, 0, 0, 1, 0, 2, 0], [0, 1, 1, 1, 1, 1, 1, 1, 2, 2, 0], [0, 0, 0, 1, 0, 1, 0, 4, 1, 1, 0], [0, 1, 1, 1, 0, 1, 0, 2, 2, 2, 0], [0, 1, 0, 1, 1, 1, 1, 2, 0, 2, 0], [0, 1, 0, 0, 0, 1, 0, 0, 0, 2, 0], [0, 1, 1, 1, 1, 1, 2, 2, 2, 2, 0], [0, 0, 0, 0, 0, 0, 0, 0, 0, 0, 0]]"
2026-05-25T12:58:21.724277,0,West,235.0,False,False,False,"[[0, 0, 0, 0, 0, 0, 0, 0, 0, 0, 0], [0, 2, 2, 2, 2, 2, 2, 2, 2, 3, 0], [0, 2, 0, 0, 0, 2, 0, 0, 0, 2, 0], [0, 2, 0, 2, 2, 2, 2, 2, 0, 2, 0], [0, 2, 2, 2, 0, 2, 0, 2, 2, 2, 0], [0, 0, 0, 2, 0, 2, 0, 2, 1, 1, 0], [0, 2, 2, 2, 2, 2, 2, 2, 2, 2, 0], [0, 2, 0, 2, 0, 0, 0, 2, 0, 2, 0], [0, 2, 0, 2, 0, 1, 0, 2, 0, 2, 0], [0, 1, 2, 2, 0, 1, 1, 5, 2, 2, 0], [0, 1, 2, 2, 0, 4, 1, 1, 2, 2, 0], [0, 1, 0, 2, 0, 1, 0, 1, 0, 2, 0], [0, 1, 0, 2, 0, 0, 0, 1, 0, 2, 0], [0, 1, 1, 1, 1, 1, 1, 4, 2, 2, 0], [0, 0, 0, 1, 0, 1, 0, 2, 1, 1, 0], [0, 1, 1, 1, 0, 1, 0, 2, 2, 2, 0], [0, 1, 0, 1, 1, 1, 1, 2, 0, 2, 0], [0, 1, 0, 0, 0, 1, 0, 0, 0, 2, 0], [0, 1, 1, 1, 1, 1, 2, 2, 2, 2, 0], [0, 0, 0, 0, 0, 0, 0, 0, 0, 0, 0]]"
2026-05-25T12:58:21.834842,0,West,244.0,False,False,False,"[[0, 0, 0, 0, 0, 0, 0, 0, 0, 0, 0], [0, 2, 2, 2, 2, 2, 2, 2, 2, 3, 0], [0, 2, 0, 0, 0, 2, 0, 0, 0, 2, 0], [0, 2, 0, 2, 2, 2, 2, 2, 0, 2, 0], [0, 2, 2, 2, 0, 2, 0, 2, 2, 2, 0], [0, 0, 0, 2, 0, 2, 0, 2, 1, 1, 0], [0, 2, 2, 2, 2, 2, 2, 2, 2, 2, 0], [0, 2, 0, 2, 0, 0, 0, 2, 0, 2, 0], [0, 2, 0, 2, 0, 1, 0, 5, 0, 2, 0], [0, 1, 2, 2, 0, 4, 1, 1, 2, 2, 0], [0, 1, 2, 2, 0, 1, 1, 1, 2, 2, 0], [0, 1, 0, 2, 0, 1, 0, 1, 0, 2, 0], [0, 1, 0, 2, 0, 0, 0, 1, 0, 2, 0], [0, 1, 1, 1, 1, 1, 1, 1, 4, 2, 0], [0, 0, 0, 1, 0, 1, 0, 2, 1, 1, 0], [0, 1, 1, 1, 0, 1, 0, 2, 2, 2, 0], [0, 1, 0, 1, 1, 1, 1, 2, 0, 2, 0], [0, 1, 0, 0, 0, 1, 0, 0, 0, 2, 0], [0, 1, 1, 1, 1, 1, 2, 2, 2, 2, 0], [0, 0, 0, 0, 0, 0, 0, 0, 0, 0, 0]]"
2026-05-25T12:58:21.964045,0,West,253.0,False,False,False,"[[0, 0, 0, 0, 0, 0, 0, 0, 0, 0, 0], [0, 2, 2, 2, 2, 2, 2, 2, 2, 3, 0], [0, 2, 0, 0, 0, 2, 0, 0, 0, 2, 0], [0, 2, 0, 2, 2, 2, 2, 2, 0, 2, 0], [0, 2, 2, 2, 0, 2, 0, 2, 2, 2, 0], [0, 0, 0, 2, 0, 2, 0, 2, 1, 1, 0], [0, 2, 2, 2, 2, 2, 2, 2, 2, 2, 0], [0, 2, 0, 2, 0, 0, 0, 5, 0, 2, 0], [0, 2, 0, 2, 0, 1, 0, 1, 0, 2, 0], [0, 1, 2, 2, 0, 1, 4, 1, 2, 2, 0], [0, 1, 2, 2, 0, 1, 1, 1, 2, 2, 0], [0, 1, 0, 2, 0, 1, 0, 1, 0, 2, 0], [0, 1, 0, 2, 0, 0, 0, 1, 0, 2, 0], [0, 1, 1, 1, 1, 1, 1, 1, 2, 2, 0], [0, 0, 0, 1, 0, 1, 0, 2, 4, 1, 0], [0, 1, 1, 1, 0, 1, 0, 2, 2, 2, 0], [0, 1, 0, 1, 1, 1, 1, 2, 0, 2, 0], [0, 1, 0, 0, 0, 1, 0, 0, 0, 2, 0], [0, 1, 1, 1, 1, 1, 2, 2, 2, 2, 0], [0, 0, 0, 0, 0, 0, 0, 0, 0, 0, 0]]"
2026-05-25T12:58:22.078630,0,South,262.0,False,False,False,"[[0, 0, 0, 0, 0, 0, 0, 0, 0, 0, 0], [0, 2, 2, 2, 2, 2, 2, 2, 2, 3, 0], [0, 2, 0, 0, 0, 2, 0, 0, 0, 2, 0], [0, 2, 0, 2, 2, 2, 2, 2, 0, 2, 0], [0, 2, 2, 2, 0, 2, 0, 2, 2, 2, 0], [0, 0, 0, 2, 0, 2, 0, 2, 1, 1, 0], [0, 2, 2, 2, 2, 2, 2, 5, 2, 2, 0], [0, 2, 0, 2, 0, 0, 0, 1, 0, 2, 0], [0, 2, 0, 2, 0, 1, 0, 1, 0, 2, 0], [0, 1, 2, 2, 0, 1, 1, 4, 2, 2, 0], [0, 1, 2, 2, 0, 1, 1, 1, 2, 2, 0], [0, 1, 0, 2, 0, 1, 0, 1, 0, 2, 0], [0, 1, 0, 2, 0, 0, 0, 1, 0, 2, 0], [0, 1, 1, 1, 1, 1, 1, 1, 2, 2, 0], [0, 0, 0, 1, 0, 1, 0, 2, 1, 1, 0], [0, 1, 1, 1, 0, 1, 0, 2, 4, 2, 0], [0, 1, 0, 1, 1, 1, 1, 2, 0, 2, 0], [0, 1, 0, 0, 0, 1, 0, 0, 0, 2, 0], [0, 1, 1, 1, 1, 1, 2, 2, 2, 2, 0], [0, 0, 0, 0, 0, 0, 0, 0, 0, 0, 0]]"
2026-05-25T12:58:22.193667,0,South,271.0,False,False,False,"[[0, 0, 0, 0, 0, 0, 0, 0, 0, 0, 0], [0, 2, 2, 2, 2, 2, 2, 2, 2, 3, 0], [0, 2, 0, 0, 0, 2, 0, 0, 0, 2, 0], [0, 2, 0, 2, 2, 2, 2, 2, 0, 2, 0], [0, 2, 2, 2, 0, 2, 0, 2, 2, 2, 0], [0, 0, 0, 2, 0, 2, 0, 2, 1, 1, 0], [0, 2, 2, 2, 2, 2, 5, 1, 2, 2, 0], [0, 2, 0, 2, 0, 0, 0, 1, 0, 2, 0], [0, 2, 0, 2, 0, 1, 0, 4, 0, 2, 0], [0, 1, 2, 2, 0, 1, 1, 1, 2, 2, 0], [0, 1, 2, 2, 0, 1, 1, 1, 2, 2, 0], [0, 1, 0, 2, 0, 1, 0, 1, 0, 2, 0], [0, 1, 0, 2, 0, 0, 0, 1, 0, 2, 0], [0, 1, 1, 1, 1, 1, 1, 1, 2, 2, 0], [0, 0, 0, 1, 0, 1, 0, 2, 1, 1, 0], [0, 1, 1, 1, 0, 1, 0, 2, 2, 4, 0], [0, 1, 0, 1, 1, 1, 1, 2, 0, 2, 0], [0, 1, 0, 0, 0, 1, 0, 0, 0, 2, 0], [0, 1, 1, 1, 1, 1, 2, 2, 2, 2, 0], [0, 0, 0, 0, 0, 0, 0, 0, 0, 0, 0]]"
2026-05-25T12:58:22.305128,0,West,280.0,False,False,False,"[[0, 0, 0, 0, 0, 0, 0, 0, 0, 0, 0], [0, 2, 2, 2, 2, 2, 2, 2, 2, 3, 0], [0, 2, 0, 0, 0, 2, 0, 0, 0, 2, 0], [0, 2, 0, 2, 2, 2, 2, 2, 0, 2, 0], [0, 2, 2, 2, 0, 2, 0, 2, 2, 2, 0], [0, 0, 0, 2, 0, 2, 0, 2, 1, 1, 0], [0, 2, 2, 2, 2, 5, 1, 1, 2, 2, 0], [0, 2, 0, 2, 0, 0, 0, 4, 0, 2, 0], [0, 2, 0, 2, 0, 1, 0, 1, 0, 2, 0], [0, 1, 2, 2, 0, 1, 1, 1, 2, 2, 0], [0, 1, 2, 2, 0, 1, 1, 1, 2, 2, 0], [0, 1, 0, 2, 0, 1, 0, 1, 0, 2, 0], [0, 1, 0, 2, 0, 0, 0, 1, 0, 2, 0], [0, 1, 1, 1, 1, 1, 1, 1, 2, 2, 0], [0, 0, 0, 1, 0, 1, 0, 2, 1, 4, 0], [0, 1, 1, 1, 0, 1, 0, 2, 2, 2, 0], [0, 1, 0, 1, 1, 1, 1, 2, 0, 2, 0], [0, 1, 0, 0, 0, 1, 0, 0, 0, 2, 0], [0, 1, 1, 1, 1, 1, 2, 2, 2, 2, 0], [0, 0, 0, 0, 0, 0, 0, 0, 0, 0, 0]]"
2026-05-25T12:58:22.445908,0,West,289.0,False,False,False,"[[0, 0, 0, 0, 0, 0, 0, 0, 0, 0, 0], [0, 2, 2, 2, 2, 2, 2, 2, 2, 3, 0], [0, 2, 0, 0, 0, 2, 0, 0, 0, 2, 0], [0, 2, 0, 2, 2, 2, 2, 2, 0, 2, 0], [0, 2, 2, 2, 0, 2, 0, 2, 2, 2, 0], [0, 0, 0, 2, 0, 5, 0, 2, 1, 1, 0], [0, 2, 2, 2, 2, 1, 1, 4, 2, 2, 0], [0, 2, 0, 2, 0, 0, 0, 1, 0, 2, 0], [0, 2, 0, 2, 0, 1, 0, 1, 0, 2, 0], [0, 1, 2, 2, 0, 1, 1, 1, 2, 2, 0], [0, 1, 2, 2, 0, 1, 1, 1, 2, 2, 0], [0, 1, 0, 2, 0, 1, 0, 1, 0, 2, 0], [0, 1, 0, 2, 0, 0, 0, 1, 0, 2, 0], [0, 1, 1, 1, 1, 1, 1, 1, 2, 4, 0], [0, 0, 0, 1, 0, 1, 0, 2, 1, 1, 0], [0, 1, 1, 1, 0, 1, 0, 2, 2, 2, 0], [0, 1, 0, 1, 1, 1, 1, 2, 0, 2, 0], [0, 1, 0, 0, 0, 1, 0, 0, 0, 2, 0], [0, 1, 1, 1, 1, 1, 2, 2, 2, 2, 0], [0, 0, 0, 0, 0, 0, 0, 0, 0, 0, 0]]"
2026-05-25T12:58:22.630846,0,West,298.0,False,False,False,"[[0, 0, 0, 0, 0, 0, 0, 0, 0, 0, 0], [0, 2, 2, 2, 2, 2, 2, 2, 2, 3, 0], [0, 2, 0, 0, 0, 2, 0, 0, 0, 2, 0], [0, 2, 0, 2, 2, 2, 2, 2, 0, 2, 0], [0, 2, 2, 2, 0, 5, 0, 2, 2, 2, 0], [0, 0, 0, 2, 0, 1, 0, 2, 1, 1, 0], [0, 2, 2, 2, 2, 1, 4, 1, 2, 2, 0], [0, 2, 0, 2, 0, 0, 0, 1, 0, 2, 0], [0, 2, 0, 2, 0, 1, 0, 1, 0, 2, 0], [0, 1, 2, 2, 0, 1, 1, 1, 2, 2, 0], [0, 1, 2, 2, 0, 1, 1, 1, 2, 2, 0], [0, 1, 0, 2, 0, 1, 0, 1, 0, 2, 0], [0, 1, 0, 2, 0, 0, 0, 1, 0, 2, 0], [0, 1, 1, 1, 1, 1, 1, 1, 4, 2, 0], [0, 0, 0, 1, 0, 1, 0, 2, 1, 1, 0], [0, 1, 1, 1, 0, 1, 0, 2, 2, 2, 0], [0, 1, 0, 1, 1, 1, 1, 2, 0, 2, 0], [0, 1, 0, 0, 0, 1, 0, 0, 0, 2, 0], [0, 1, 1, 1, 1, 1, 2, 2, 2, 2, 0], [0, 0, 0, 0, 0, 0, 0, 0, 0, 0, 0]]"
2026-05-25T12:58:22.829048,0,North,307.0,False,False,False,"[[0, 0, 0, 0, 0, 0, 0, 0, 0, 0, 0], [0, 2, 2, 2, 2, 2, 2, 2, 2, 3, 0], [0, 2, 0, 0, 0, 2, 0, 0, 0, 2, 0], [0, 2, 0, 2, 2, 5, 2, 2, 0, 2, 0], [0, 2, 2, 2, 0, 1, 0, 2, 2, 2, 0], [0, 0, 0, 2, 0, 1, 0, 2, 1, 1, 0], [0, 2, 2, 2, 2, 4, 1, 1, 2, 2, 0], [0, 2, 0, 2, 0, 0, 0, 1, 0, 2, 0], [0, 2, 0, 2, 0, 1, 0, 1, 0, 2, 0], [0, 1, 2, 2, 0, 1, 1, 1, 2, 2, 0], [0, 1, 2, 2, 0, 1, 1, 1, 2, 2, 0], [0, 1, 0, 2, 0, 1, 0, 1, 0, 2, 0], [0, 1, 0, 2, 0, 0, 0, 1, 0, 2, 0], [0, 1, 1, 1, 1, 1, 1, 4, 2, 2, 0], [0, 0, 0, 1, 0, 1, 0, 2, 1, 1, 0], [0, 1, 1, 1, 0, 1, 0, 2, 2, 2, 0], [0, 1, 0, 1, 1, 1, 1, 2, 0, 2, 0], [0, 1, 0, 0, 0, 1, 0, 0, 0, 2, 0], [0, 1, 1, 1, 1, 1, 2, 2, 2, 2, 0], [0, 0, 0, 0, 0, 0, 0, 0, 0, 0, 0]]"
2026-05-25T12:58:23.012116,0,North,316.0,False,False,False,"[[0, 0, 0, 0, 0, 0, 0, 0, 0, 0, 0], [0, 2, 2, 2, 2, 2, 2, 2, 2, 3, 0], [0, 2, 0, 0, 0, 2, 0, 0, 0, 2, 0], [0, 2, 0, 2, 2, 1, 5, 2, 0, 2, 0], [0, 2, 2, 2, 0, 1, 0, 2, 2, 2, 0], [0, 0, 0, 2, 0, 4, 0, 2, 1, 1, 0], [0, 2, 2, 2, 2, 1, 1, 1, 2, 2, 0], [0, 2, 0, 2, 0, 0, 0, 1, 0, 2, 0], [0, 2, 0, 2, 0, 1, 0, 1, 0, 2, 0], [0, 1, 2, 2, 0, 1, 1, 1, 2, 2, 0], [0, 1, 2, 2, 0, 1, 1, 1, 2, 2, 0], [0, 1, 0, 2, 0, 1, 0, 1, 0, 2, 0], [0, 1, 0, 2, 0, 0, 0, 1, 0, 2, 0], [0, 1, 1, 1, 1, 1, 4, 1, 2, 2, 0], [0, 0, 0, 1, 0, 1, 0, 2, 1, 1, 0], [0, 1, 1, 1, 0, 1, 0, 2, 2, 2, 0], [0, 1, 0, 1, 1, 1, 1, 2, 0, 2, 0], [0, 1, 0, 0, 0, 1, 0, 0, 0, 2, 0], [0, 1, 1, 1, 1, 1, 2, 2, 2, 2, 0], [0, 0, 0, 0, 0, 0, 0, 0, 0, 0, 0]]"
2026-05-25T12:58:23.178949,0,South,325.0,False,False,False,"[[0, 0, 0, 0, 0, 0, 0, 0, 0, 0, 0], [0, 2, 2, 2, 2, 2, 2, 2, 2, 3, 0], [0, 2, 0, 0, 0, 2, 0, 0, 0, 2, 0], [0, 2, 0, 2, 2, 1, 1, 5, 0, 2, 0], [0, 2, 2, 2, 0, 4, 0, 2, 2, 2, 0], [0, 0, 0, 2, 0, 1, 0, 2, 1, 1, 0], [0, 2, 2, 2, 2, 1, 1, 1, 2, 2, 0], [0, 2, 0, 2, 0, 0, 0, 1, 0, 2, 0], [0, 2, 0, 2, 0, 1, 0, 1, 0, 2, 0], [0, 1, 2, 2, 0, 1, 1, 1, 2, 2, 0], [0, 1, 2, 2, 0, 1, 1, 1, 2, 2, 0], [0, 1, 0, 2, 0, 1, 0, 1, 0, 2, 0], [0, 1, 0, 2, 0, 0, 0, 1, 0, 2, 0], [0, 1, 1, 1, 1, 4, 1, 1, 2, 2, 0], [0, 0, 0, 1, 0, 1, 0, 2, 1, 1, 0], [0, 1, 1, 1, 0, 1, 0, 2, 2, 2, 0], [0, 1, 0, 1, 1, 1, 1, 2, 0, 2, 0], [0, 1, 0, 0, 0, 1, 0, 0, 0, 2, 0], [0, 1, 1, 1, 1, 1, 2, 2, 2, 2, 0], [0, 0, 0, 0, 0, 0, 0, 0, 0, 0, 0]]"
2026-05-25T12:58:23.495410,0,North,324.0,False,False,False,"[[0, 0, 0, 0, 0, 0, 0, 0, 0, 0, 0], [0, 2, 2, 2, 2, 2, 2, 2, 2, 3, 0], [0, 2, 0, 0, 0, 2, 0, 0, 0, 2, 0], [0, 2, 0, 2, 2, 4, 5, 1, 0, 2, 0], [0, 2, 2, 2, 0, 1, 0, 2, 2, 2, 0], [0, 0, 0, 2, 0, 1, 0, 2, 1, 1, 0], [0, 2, 2, 2, 2, 1, 1, 1, 2, 2, 0], [0, 2, 0, 2, 0, 0, 0, 1, 0, 2, 0], [0, 2, 0, 2, 0, 1, 0, 1, 0, 2, 0], [0, 1, 2, 2, 0, 1, 1, 1, 2, 2, 0], [0, 1, 2, 2, 0, 1, 1, 1, 2, 2, 0], [0, 1, 0, 2, 0, 1, 0, 1, 0, 2, 0], [0, 1, 0, 2, 0, 0, 0, 1, 0, 2, 0], [0, 1, 1, 1, 1, 1, 1, 1, 2, 2, 0], [0, 0, 0, 1, 0, 4, 0, 2, 1, 1, 0], [0, 1, 1, 1, 0, 1, 0, 2, 2, 2, 0], [0, 1, 0, 1, 1, 1, 1, 2, 0, 2, 0], [0, 1, 0, 0, 0, 1, 0, 0, 0, 2, 0], [0, 1, 1, 1, 1, 1, 2, 2, 2, 2, 0], [0, 0, 0, 0, 0, 0, 0, 0, 0, 0, 0]]"
2026-05-25T12:58:23.661959,0,East,323.0,False,False,False,"[[0, 0, 0, 0, 0, 0, 0, 0, 0, 0, 0], [0, 2, 2, 2, 2, 2, 2, 2, 2, 3, 0], [0, 2, 0, 0, 0, 2, 0, 0, 0, 2, 0], [0, 2, 0, 2, 4, 1, 1, 5, 0, 2, 0], [0, 2, 2, 2, 0, 1, 0, 2, 2, 2, 0], [0, 0, 0, 2, 0, 1, 0, 2, 1, 1, 0], [0, 2, 2, 2, 2, 1, 1, 1, 2, 2, 0], [0, 2, 0, 2, 0, 0, 0, 1, 0, 2, 0], [0, 2, 0, 2, 0, 1, 0, 1, 0, 2, 0], [0, 1, 2, 2, 0, 1, 1, 1, 2, 2, 0], [0, 1, 2, 2, 0, 1, 1, 1, 2, 2, 0], [0, 1, 0, 2, 0, 1, 0, 1, 0, 2, 0], [0, 1, 0, 2, 0, 0, 0, 1, 0, 2, 0], [0, 1, 1, 1, 1, 1, 1, 1, 2, 2, 0], [0, 0, 0, 1, 0, 1, 0, 2, 1, 1, 0], [0, 1, 1, 1, 0, 4, 0, 2, 2, 2, 0], [0, 1, 0, 1, 1, 1, 1, 2, 0, 2, 0], [0, 1, 0, 0, 0, 1, 0, 0, 0, 2, 0], [0, 1, 1, 1, 1, 1, 2, 2, 2, 2, 0], [0, 0, 0, 0, 0, 0, 0, 0, 0, 0, 0]]"
2026-05-25T12:58:23.773665,0,East,332.0,False,False,False,"[[0, 0, 0, 0, 0, 0, 0, 0, 0, 0, 0], [0, 2, 2, 2, 2, 2, 2, 2, 2, 3, 0], [0, 2, 0, 0, 0, 2, 0, 0, 0, 2, 0], [0, 2, 0, 4, 2, 1, 1, 1, 0, 2, 0], [0, 2, 2, 2, 0, 1, 0, 5, 2, 2, 0], [0, 0, 0, 2, 0, 1, 0, 2, 1, 1, 0], [0, 2, 2, 2, 2, 1, 1, 1, 2, 2, 0], [0, 2, 0, 2, 0, 0, 0, 1, 0, 2, 0], [0, 2, 0, 2, 0, 1, 0, 1, 0, 2, 0], [0, 1, 2, 2, 0, 1, 1, 1, 2, 2, 0], [0, 1, 2, 2, 0, 1, 1, 1, 2, 2, 0], [0, 1, 0, 2, 0, 1, 0, 1, 0, 2, 0], [0, 1, 0, 2, 0, 0, 0, 1, 0, 2, 0], [0, 1, 1, 1, 1, 1, 1, 1, 2, 2, 0], [0, 0, 0, 1, 0, 1, 0, 2, 1, 1, 0], [0, 1, 1, 1, 0, 1, 0, 2, 2, 2, 0], [0, 1, 0, 1, 1, 4, 1, 2, 0, 2, 0], [0, 1, 0, 0, 0, 1, 0, 0, 0, 2, 0], [0, 1, 1, 1, 1, 1, 2, 2, 2, 2, 0], [0, 0, 0, 0, 0, 0, 0, 0, 0, 0, 0]]"
2026-05-25T12:58:23.884915,0,North,341.0,False,False,False,"[[0, 0, 0, 0, 0, 0, 0, 0, 0, 0, 0], [0, 2, 2, 2, 2, 2, 2, 2, 2, 3, 0], [0, 2, 0, 0, 0, 2, 0, 0, 0, 2, 0], [0, 2, 0, 2, 2, 1, 1, 1, 0, 2, 0], [0, 2, 2, 4, 0, 1, 0, 1, 2, 2, 0], [0, 0, 0, 2, 0, 1, 0, 5, 1, 1, 0], [0, 2, 2, 2, 2, 1, 1, 1, 2, 2, 0], [0, 2, 0, 2, 0, 0, 0, 1, 0, 2, 0], [0, 2, 0, 2, 0, 1, 0, 1, 0, 2, 0], [0, 1, 2, 2, 0, 1, 1, 1, 2, 2, 0], [0, 1, 2, 2, 0, 1, 1, 1, 2, 2, 0], [0, 1, 0, 2, 0, 1, 0, 1, 0, 2, 0], [0, 1, 0, 2, 0, 0, 0, 1, 0, 2, 0], [0, 1, 1, 1, 1, 1, 1, 1, 2, 2, 0], [0, 0, 0, 1, 0, 1, 0, 2, 1, 1, 0], [0, 1, 1, 1, 0, 1, 0, 2, 2, 2, 0], [0, 1, 0, 1, 1, 1, 4, 2, 0, 2, 0], [0, 1, 0, 0, 0, 1, 0, 0, 0, 2, 0], [0, 1, 1, 1, 1, 1, 2, 2, 2, 2, 0], [0, 0, 0, 0, 0, 0, 0, 0, 0, 0, 0]]"
2026-05-25T12:58:24.007734,0,West,340.0,False,False,False,"[[0, 0, 0, 0, 0, 0, 0, 0, 0, 0, 0], [0, 2, 2, 2, 2, 2, 2, 2, 2, 3, 0], [0, 2, 0, 0, 0, 2, 0, 0, 0, 2, 0], [0, 2, 0, 2, 2, 1, 1, 1, 0, 2, 0], [0, 2, 2, 2, 0, 1, 0, 1, 2, 2, 0], [0, 0, 0, 4, 0, 1, 0, 1, 5, 1, 0], [0, 2, 2, 2, 2, 1, 1, 1, 2, 2, 0], [0, 2, 0, 2, 0, 0, 0, 1, 0, 2, 0], [0, 2, 0, 2, 0, 1, 0, 1, 0, 2, 0], [0, 1, 2, 2, 0, 1, 1, 1, 2, 2, 0], [0, 1, 2, 2, 0, 1, 1, 1, 2, 2, 0], [0, 1, 0, 2, 0, 1, 0, 1, 0, 2, 0], [0, 1, 0, 2, 0, 0, 0, 1, 0, 2, 0], [0, 1, 1, 1, 1, 1, 1, 1, 2, 2, 0], [0, 0, 0, 1, 0, 1, 0, 2, 1, 1, 0], [0, 1, 1, 1, 0, 1, 0, 2, 2, 2, 0], [0, 1, 0, 1, 1, 1, 1, 4, 0, 2, 0], [0, 1, 0, 0, 0, 1, 0, 0, 0, 2, 0], [0, 1, 1, 1, 1, 1, 2, 2, 2, 2, 0], [0, 0, 0, 0, 0, 0, 0, 0, 0, 0, 0]]"
2026-05-25T12:58:24.118659,0,South,349.0,False,False,False,"[[0, 0, 0, 0, 0, 0, 0, 0, 0, 0, 0], [0, 2, 2, 2, 2, 2, 2, 2, 2, 3, 0], [0, 2, 0, 0, 0, 2, 0, 0, 0, 2, 0], [0, 2, 0, 2, 2, 1, 1, 1, 0, 2, 0], [0, 2, 2, 2, 0, 1, 0, 1, 5, 2, 0], [0, 0, 0, 2, 0, 1, 0, 1, 1, 1, 0], [0, 2, 2, 4, 2, 1, 1, 1, 2, 2, 0], [0, 2, 0, 2, 0, 0, 0, 1, 0, 2, 0], [0, 2, 0, 2, 0, 1, 0, 1, 0, 2, 0], [0, 1, 2, 2, 0, 1, 1, 1, 2, 2, 0], [0, 1, 2, 2, 0, 1, 1, 1, 2, 2, 0], [0, 1, 0, 2, 0, 1, 0, 1, 0, 2, 0], [0, 1, 0, 2, 0, 0, 0, 1, 0, 2, 0], [0, 1, 1, 1, 1, 1, 1, 1, 2, 2, 0], [0, 0, 0, 1, 0, 1, 0, 2, 1, 1, 0], [0, 1, 1, 1, 0, 1, 0, 4, 2, 2, 0], [0, 1, 0, 1, 1, 1, 1, 2, 0, 2, 0], [0, 1, 0, 0, 0, 1, 0, 0, 0, 2, 0], [0, 1, 1, 1, 1, 1, 2, 2, 2, 2, 0], [0, 0, 0, 0, 0, 0, 0, 0, 0, 0, 0]]"
2026-05-25T12:58:24.230346,0,North,348.0,False,False,False,"[[0, 0, 0, 0, 0, 0, 0, 0, 0, 0, 0], [0, 2, 2, 2, 2, 2, 2, 2, 2, 3, 0], [0, 2, 0, 0, 0, 2, 0, 0, 0, 2, 0], [0, 2, 0, 2, 2, 1, 1, 1, 0, 2, 0], [0, 2, 2, 2, 0, 1, 0, 5, 1, 2, 0], [0, 0, 0, 2, 0, 1, 0, 1, 1, 1, 0], [0, 2, 2, 2, 4, 1, 1, 1, 2, 2, 0], [0, 2, 0, 2, 0, 0, 0, 1, 0, 2, 0], [0, 2, 0, 2, 0, 1, 0, 1, 0, 2, 0], [0, 1, 2, 2, 0, 1, 1, 1, 2, 2, 0], [0, 1, 2, 2, 0, 1, 1, 1, 2, 2, 0], [0, 1, 0, 2, 0, 1, 0, 1, 0, 2, 0], [0, 1, 0, 2, 0, 0, 0, 1, 0, 2, 0], [0, 1, 1, 1, 1, 1, 1, 1, 2, 2, 0], [0, 0, 0, 1, 0, 1, 0, 4, 1, 1, 0], [0, 1, 1, 1, 0, 1, 0, 2, 2, 2, 0], [0, 1, 0, 1, 1, 1, 1, 2, 0, 2, 0], [0, 1, 0, 0, 0, 1, 0, 0, 0, 2, 0], [0, 1, 1, 1, 1, 1, 2, 2, 2, 2, 0], [0, 0, 0, 0, 0, 0, 0, 0, 0, 0, 0]]"
2026-05-25T12:58:24.342427,0,South,347.0,False,False,False,"[[0, 0, 0, 0, 0, 0, 0, 0, 0, 0, 0], [0, 2, 2, 2, 2, 2, 2, 2, 2, 3, 0], [0, 2, 0, 0, 0, 2, 0, 0, 0, 2, 0], [0, 2, 0, 2, 2, 1, 1, 1, 0, 2, 0], [0, 2, 2, 2, 0, 1, 0, 1, 5, 2, 0], [0, 0, 0, 2, 0, 1, 0, 1, 1, 1, 0], [0, 2, 2, 2, 2, 4, 1, 1, 2, 2, 0], [0, 2, 0, 2, 0, 0, 0, 1, 0, 2, 0], [0, 2, 0, 2, 0, 1, 0, 1, 0, 2, 0], [0, 1, 2, 2, 0, 1, 1, 1, 2, 2, 0], [0, 1, 2, 2, 0, 1, 1, 1, 2, 2, 0], [0, 1, 0, 2, 0, 1, 0, 1, 0, 2, 0], [0, 1, 0, 2, 0, 0, 0, 1, 0, 2, 0], [0, 1, 1, 1, 1, 1, 1, 1, 2, 2, 0], [0, 0, 0, 1, 0, 1, 0, 2, 4, 1, 0], [0, 1, 1, 1, 0, 1, 0, 2, 2, 2, 0], [0, 1, 0, 1, 1, 1, 1, 2, 0, 2, 0], [0, 1, 0, 0, 0, 1, 0, 0, 0, 2, 0], [0, 1, 1, 1, 1, 1, 2, 2, 2, 2, 0], [0, 0, 0, 0, 0, 0, 0, 0, 0, 0, 0]]"
2026-05-25T12:58:24.498068,0,North,346.0,False,False,False,"[[0, 0, 0, 0, 0, 0, 0, 0, 0, 0, 0], [0, 2, 2, 2, 2, 2, 2, 2, 2, 3, 0], [0, 2, 0, 0, 0, 2, 0, 0, 0, 2, 0], [0, 2, 0, 2, 2, 1, 1, 1, 0, 2, 0], [0, 2, 2, 2, 0, 1, 0, 5, 1, 2, 0], [0, 0, 0, 2, 0, 4, 0, 1, 1, 1, 0], [0, 2, 2, 2, 2, 1, 1, 1, 2, 2, 0], [0, 2, 0, 2, 0, 0, 0, 1, 0, 2, 0], [0, 2, 0, 2, 0, 1, 0, 1, 0, 2, 0], [0, 1, 2, 2, 0, 1, 1, 1, 2, 2, 0], [0, 1, 2, 2, 0, 1, 1, 1, 2, 2, 0], [0, 1, 0, 2, 0, 1, 0, 1, 0, 2, 0], [0, 1, 0, 2, 0, 0, 0, 1, 0, 2, 0], [0, 1, 1, 1, 1, 1, 1, 1, 4, 2, 0], [0, 0, 0, 1, 0, 1, 0, 2, 1, 1, 0], [0, 1, 1, 1, 0, 1, 0, 2, 2, 2, 0], [0, 1, 0, 1, 1, 1, 1, 2, 0, 2, 0], [0, 1, 0, 0, 0, 1, 0, 0, 0, 2, 0], [0, 1, 1, 1, 1, 1, 2, 2, 2, 2, 0], [0, 0, 0, 0, 0, 0, 0, 0, 0, 0, 0]]"
2026-05-25T12:58:24.610233,0,North,345.0,False,False,False,"[[0, 0, 0, 0, 0, 0, 0, 0, 0, 0, 0], [0, 2, 2, 2, 2, 2, 2, 2, 2, 3, 0], [0, 2, 0, 0, 0, 2, 0, 0, 0, 2, 0], [0, 2, 0, 2, 2, 1, 1, 1, 0, 2, 0], [0, 2, 2, 2, 0, 4, 0, 1, 5, 2, 0], [0, 0, 0, 2, 0, 1, 0, 1, 1, 1, 0], [0, 2, 2, 2, 2, 1, 1, 1, 2, 2, 0], [0, 2, 0, 2, 0, 0, 0, 1, 0, 2, 0], [0, 2, 0, 2, 0, 1, 0, 1, 0, 2, 0], [0, 1, 2, 2, 0, 1, 1, 1, 2, 2, 0], [0, 1, 2, 2, 0, 1, 1, 1, 2, 2, 0], [0, 1, 0, 2, 0, 1, 0, 1, 0, 2, 0], [0, 1, 0, 2, 0, 0, 0, 1, 0, 2, 0], [0, 1, 1, 1, 1, 1, 1, 1, 2, 4, 0], [0, 0, 0, 1, 0, 1, 0, 2, 1, 1, 0], [0, 1, 1, 1, 0, 1, 0, 2, 2, 2, 0], [0, 1, 0, 1, 1, 1, 1, 2, 0, 2, 0], [0, 1, 0, 0, 0, 1, 0, 0, 0, 2, 0], [0, 1, 1, 1, 1, 1, 2, 2, 2, 2, 0], [0, 0, 0, 0, 0, 0, 0, 0, 0, 0, 0]]"
2026-05-25T12:58:24.721580,0,South,354.0,False,False,False,"[[0, 0, 0, 0, 0, 0, 0, 0, 0, 0, 0], [0, 2, 2, 2, 2, 2, 2, 2, 2, 3, 0], [0, 2, 0, 0, 0, 2, 0, 0, 0, 2, 0], [0, 2, 0, 2, 2, 4, 1, 1, 0, 2, 0], [0, 2, 2, 2, 0, 1, 0, 1, 1, 5, 0], [0, 0, 0, 2, 0, 1, 0, 1, 1, 1, 0], [0, 2, 2, 2, 2, 1, 1, 1, 2, 2, 0], [0, 2, 0, 2, 0, 0, 0, 1, 0, 2, 0], [0, 2, 0, 2, 0, 1, 0, 1, 0, 2, 0], [0, 1, 2, 2, 0, 1, 1, 1, 2, 2, 0], [0, 1, 2, 2, 0, 1, 1, 1, 2, 2, 0], [0, 1, 0, 2, 0, 1, 0, 1, 0, 2, 0], [0, 1, 0, 2, 0, 0, 0, 1, 0, 4, 0], [0, 1, 1, 1, 1, 1, 1, 1, 2, 2, 0], [0, 0, 0, 1, 0, 1, 0, 2, 1, 1, 0], [0, 1, 1, 1, 0, 1, 0, 2, 2, 2, 0], [0, 1, 0, 1, 1, 1, 1, 2, 0, 2, 0], [0, 1, 0, 0, 0, 1, 0, 0, 0, 2, 0], [0, 1, 1, 1, 1, 1, 2, 2, 2, 2, 0], [0, 0, 0, 0, 0, 0, 0, 0, 0, 0, 0]]"
2026-05-25T12:58:24.833207,0,East,353.0,False,False,False,"[[0, 0, 0, 0, 0, 0, 0, 0, 0, 0, 0], [0, 2, 2, 2, 2, 2, 2, 2, 2, 3, 0], [0, 2, 0, 0, 0, 2, 0, 0, 0, 2, 0], [0, 2, 0, 2, 2, 1, 4, 1, 0, 2, 0], [0, 2, 2, 2, 0, 1, 0, 1, 5, 1, 0], [0, 0, 0, 2, 0, 1, 0, 1, 1, 1, 0], [0, 2, 2, 2, 2, 1, 1, 1, 2, 2, 0], [0, 2, 0, 2, 0, 0, 0, 1, 0, 2, 0], [0, 2, 0, 2, 0, 1, 0, 1, 0, 2, 0], [0, 1, 2, 2, 0, 1, 1, 1, 2, 2, 0], [0, 1, 2, 2, 0, 1, 1, 1, 2, 2, 0], [0, 1, 0, 2, 0, 1, 0, 1, 0, 4, 0], [0, 1, 0, 2, 0, 0, 0, 1, 0, 2, 0], [0, 1, 1, 1, 1, 1, 1, 1, 2, 2, 0], [0, 0, 0, 1, 0, 1, 0, 2, 1, 1, 0], [0, 1, 1, 1, 0, 1, 0, 2, 2, 2, 0], [0, 1, 0, 1, 1, 1, 1, 2, 0, 2, 0], [0, 1, 0, 0, 0, 1, 0, 0, 0, 2, 0], [0, 1, 1, 1, 1, 1, 2, 2, 2, 2, 0], [0, 0, 0, 0, 0, 0, 0, 0, 0, 0, 0]]"
2026-05-25T12:58:24.944561,0,East,352.0,False,False,False,"[[0, 0, 0, 0, 0, 0, 0, 0, 0, 0, 0], [0, 2, 2, 2, 2, 2, 2, 2, 2, 3, 0], [0, 2, 0, 0, 0, 2, 0, 0, 0, 2, 0], [0, 2, 0, 2, 2, 1, 1, 4, 0, 2, 0], [0, 2, 2, 2, 0, 1, 0, 1, 1, 1, 0], [0, 0, 0, 2, 0, 1, 0, 1, 5, 1, 0], [0, 2, 2, 2, 2, 1, 1, 1, 2, 2, 0], [0, 2, 0, 2, 0, 0, 0, 1, 0, 2, 0], [0, 2, 0, 2, 0, 1, 0, 1, 0, 2, 0], [0, 1, 2, 2, 0, 1, 1, 1, 2, 2, 0], [0, 1, 2, 2, 0, 1, 1, 1, 2, 4, 0], [0, 1, 0, 2, 0, 1, 0, 1, 0, 2, 0], [0, 1, 0, 2, 0, 0, 0, 1, 0, 2, 0], [0, 1, 1, 1, 1, 1, 1, 1, 2, 2, 0], [0, 0, 0, 1, 0, 1, 0, 2, 1, 1, 0], [0, 1, 1, 1, 0, 1, 0, 2, 2, 2, 0], [0, 1, 0, 1, 1, 1, 1, 2, 0, 2, 0], [0, 1, 0, 0, 0, 1, 0, 0, 0, 2, 0], [0, 1, 1, 1, 1, 1, 2, 2, 2, 2, 0], [0, 0, 0, 0, 0, 0, 0, 0, 0, 0, 0]]"
2026-05-25T12:58:25.058488,0,North,361.0,False,False,False,"[[0, 0, 0, 0, 0, 0, 0, 0, 0, 0, 0], [0, 2, 2, 2, 2, 2, 2, 2, 2, 3, 0], [0, 2, 0, 0, 0, 2, 0, 0, 0, 2, 0], [0, 2, 0, 2, 2, 1, 1, 1, 0, 2, 0], [0, 2, 2, 2, 0, 1, 0, 4, 1, 1, 0], [0, 0, 0, 2, 0, 1, 0, 1, 1, 1, 0], [0, 2, 2, 2, 2, 1, 1, 1, 5, 2, 0], [0, 2, 0, 2, 0, 0, 0, 1, 0, 2, 0], [0, 2, 0, 2, 0, 1, 0, 1, 0, 2, 0], [0, 1, 2, 2, 0, 1, 1, 1, 2, 2, 0], [0, 1, 2, 2, 0, 1, 1, 1, 4, 2, 0], [0, 1, 0, 2, 0, 1, 0, 1, 0, 2, 0], [0, 1, 0, 2, 0, 0, 0, 1, 0, 2, 0], [0, 1, 1, 1, 1, 1, 1, 1, 2, 2, 0], [0, 0, 0, 1, 0, 1, 0, 2, 1, 1, 0], [0, 1, 1, 1, 0, 1, 0, 2, 2, 2, 0], [0, 1, 0, 1, 1, 1, 1, 2, 0, 2, 0], [0, 1, 0, 0, 0, 1, 0, 0, 0, 2, 0], [0, 1, 1, 1, 1, 1, 2, 2, 2, 2, 0], [0, 0, 0, 0, 0, 0, 0, 0, 0, 0, 0]]"
2026-05-25T12:58:25.168729,0,East,370.0,False,False,False,"[[0, 0, 0, 0, 0, 0, 0, 0, 0, 0, 0], [0, 2, 2, 2, 2, 2, 2, 2, 2, 3, 0], [0, 2, 0, 0, 0, 2, 0, 0, 0, 2, 0], [0, 2, 0, 2, 2, 1, 1, 1, 0, 2, 0], [0, 2, 2, 2, 0, 1, 0, 1, 4, 1, 0], [0, 0, 0, 2, 0, 1, 0, 1, 1, 1, 0], [0, 2, 2, 2, 2, 1, 1, 1, 1, 5, 0], [0, 2, 0, 2, 0, 0, 0, 1, 0, 2, 0], [0, 2, 0, 2, 0, 1, 0, 1, 0, 2, 0], [0, 1, 2, 2, 0, 1, 1, 1, 4, 2, 0], [0, 1, 2, 2, 0, 1, 1, 1, 2, 2, 0], [0, 1, 0, 2, 0, 1, 0, 1, 0, 2, 0], [0, 1, 0, 2, 0, 0, 0, 1, 0, 2, 0], [0, 1, 1, 1, 1, 1, 1, 1, 2, 2, 0], [0, 0, 0, 1, 0, 1, 0, 2, 1, 1, 0], [0, 1, 1, 1, 0, 1, 0, 2, 2, 2, 0], [0, 1, 0, 1, 1, 1, 1, 2, 0, 2, 0], [0, 1, 0, 0, 0, 1, 0, 0, 0, 2, 0], [0, 1, 1, 1, 1, 1, 2, 2, 2, 2, 0], [0, 0, 0, 0, 0, 0, 0, 0, 0, 0, 0]]"
2026-05-25T12:58:25.280051,0,East,379.0,False,False,False,"[[0, 0, 0, 0, 0, 0, 0, 0, 0, 0, 0], [0, 2, 2, 2, 2, 2, 2, 2, 2, 3, 0], [0, 2, 0, 0, 0, 2, 0, 0, 0, 2, 0], [0, 2, 0, 2, 2, 1, 1, 1, 0, 2, 0], [0, 2, 2, 2, 0, 1, 0, 1, 1, 1, 0], [0, 0, 0, 2, 0, 1, 0, 1, 4, 1, 0], [0, 2, 2, 2, 2, 1, 1, 1, 1, 1, 0], [0, 2, 0, 2, 0, 0, 0, 1, 0, 5, 0], [0, 2, 0, 2, 0, 1, 0, 1, 0, 2, 0], [0, 1, 2, 2, 0, 1, 1, 1, 2, 4, 0], [0, 1, 2, 2, 0, 1, 1, 1, 2, 2, 0], [0, 1, 0, 2, 0, 1, 0, 1, 0, 2, 0], [0, 1, 0, 2, 0, 0, 0, 1, 0, 2, 0], [0, 1, 1, 1, 1, 1, 1, 1, 2, 2, 0], [0, 0, 0, 1, 0, 1, 0, 2, 1, 1, 0], [0, 1, 1, 1, 0, 1, 0, 2, 2, 2, 0], [0, 1, 0, 1, 1, 1, 1, 2, 0, 2, 0], [0, 1, 0, 0, 0, 1, 0, 0, 0, 2, 0], [0, 1, 1, 1, 1, 1, 2, 2, 2, 2, 0], [0, 0, 0, 0, 0, 0, 0, 0, 0, 0, 0]]"
